Image number,Label,X,Y,Radius
220,A,1773,1453,6
220,A,421,1679,6
220,A,452,538,6
220,C,1098,1233,28
220,A,486,517,6
220,B,760,502,12
220,B,1515,609,12
220,B,731,841,12
220,B,1584,1042,12
220,B,1123,969,12
220,B,1934,1225,12
220,B,322,1227,12
220,B,2022,1729,12
220,B,890,1612,12
222,A,1442,842,6
222,A,2217,873,6
222,A,153,618,6
222,A,378,917,6
222,C,1029,994,28
222,D,335,259,48
222,D,692,512,48
222,D,794,1230,48
222,C,2078,1181,28
222,C,1192,541,28
222,C,1187,121,28
222,C,1639,752,28
222,B,1884,378,12
222,B,2066,579,12
222,B,1809,902,12
222,B,454,698,12
222,B,187,1125,12
222,B,677,1317,12
222,B,1102,1237,12
222,B,1656,1555,12
223,D,237,709,48
223,C,2066,1031,28
223,C,125,278,28
223,B,477,191,12
223,B,1662,233,12
223,B,823,416,12
223,B,934,791,12
223,B,475,896,12
223,B,741,672,12
223,B,1778,615,12
223,B,1026,1309,12
223,B,1284,626,12
223,B,1695,771,12
223,A,1338,1215,6
223,A,1236,493,6
223,A,1448,285,6
223,A,1207,436,6
224,A,2002,236,6
224,D,126,284,48
224,A,2035,506,6
224,A,1980,172,6
224,A,1970,210,6
224,A,1985,310,6
224,A,161,656,6
224,A,1441,1516,6
224,B,1602,325,12
224,B,472,516,12
224,B,431,582,12
224,B,445,1179,12
224,B,883,982,12
224,B,1752,1246,12
224,B,1298,898,12
224,C,1108,162,28
224,C,659,1238,28
224,B,875,167,12
224,B,1974,506,12
224,B,1176,1355,12
224,B,995,962,12
224,B,248,1218,12
224,B,1819,1582,12
224,C,868,1314,28
226,D,165,233,48
226,D,949,403,48
226,C,794,1392,28
226,C,407,1443,28
226,C,341,773,28
226,C,728,994,28
226,C,888,504,28
226,C,1756,1657,28
226,B,1356,106,12
226,B,2018,460,12
226,B,1316,1337,12
226,B,2001,1302,12
226,B,670,268,12
226,B,1930,163,12
226,B,1834,1060,12
227,C,414,399,28
227,C,787,506,28
227,C,1288,1482,28
227,C,2031,1079,28
227,C,1467,1692,28
227,B,1225,434,12
227,B,1509,578,12
227,B,820,447,12
227,B,226,390,12
227,B,540,1075,12
227,B,1778,946,12
227,B,1152,1690,12
227,B,794,1478,12
227,B,523,1543,12
228,C,250,202,28
228,C,477,1036,28
228,C,189,874,28
228,C,1187,974,28
228,A,2018,130,6
228,B,888,176,12
228,B,628,384,12
228,B,1703,191,12
228,B,1415,257,12
228,B,1900,867,12
228,B,527,895,12
228,B,2119,1003,12
228,B,1384,539,12
228,B,1045,1046,12
228,B,742,1014,12
229,C,211,191,28
229,C,1421,198,28
229,C,390,1233,28
229,B,892,1156,12
229,B,1345,758,12
229,B,1778,1368,12
229,B,1585,1066,12
229,B,949,353,12
229,B,643,353,12
229,B,366,541,12
229,B,1295,532,12
229,B,1360,127,12
229,B,1898,156,12
229,B,1753,160,12
229,B,1544,193,12
229,B,1775,648,12
229,B,1983,279,12
230,C,138,1593,28
230,A,637,1550,6
230,A,1583,1795,6
230,A,1859,1755,6
230,A,2119,355,6
230,A,569,366,6
230,C,838,366,28
230,C,315,278,28
230,C,1297,226,28
230,B,1452,1200,12
230,B,1609,1245,12
230,B,1953,1046,12
230,B,2217,1254,12
230,B,2232,856,12
230,B,718,911,12
230,B,991,1042,12
230,B,921,1307,12
230,B,600,1340,12
230,B,1098,486,12
230,B,2094,383,12
231,D,2261,254,48
231,A,956,716,6
231,A,648,966,6
231,A,153,661,6
231,A,1662,1377,6
231,A,1624,1803,6
231,A,1327,1679,6
231,C,440,320,28
231,C,735,443,28
231,C,1799,209,28
231,C,1393,784,28
231,C,339,1237,28
231,C,562,1351,28
231,C,202,318,28
231,C,976,1003,28
231,B,449,769,12
231,B,188,539,12
231,B,145,569,12
231,B,230,1040,12
231,B,768,1449,12
231,B,929,1572,12
231,C,2164,933,28
231,B,1992,1633,12
231,B,1624,747,12
232,D,1758,445,48
232,C,1026,366,28
232,C,667,628,28
232,C,302,907,28
232,C,1668,1429,28
232,C,324,1605,28
232,B,274,611,12
232,B,709,460,12
232,B,1537,768,12
232,B,2202,235,12
232,B,774,1047,12
232,B,1000,1241,12
232,B,173,1296,12
232,B,1384,1497,12
232,B,1400,1644,12
232,B,2169,749,12
232,B,1889,679,12
232,B,549,1401,12
233,C,1260,342,28
233,C,1382,1156,28
233,B,176,462,12
233,B,374,591,12
233,B,831,580,12
233,B,1207,640,12
233,B,667,924,12
233,B,624,917,12
233,B,348,830,12
233,C,967,1058,28
233,C,1389,985,28
233,B,488,1182,12
233,B,247,1346,12
233,B,628,1501,12
233,B,1236,1458,12
233,B,1402,1438,12
233,B,2160,1405,12
233,B,912,1259,12
233,B,1712,1001,12
233,B,1896,556,12
233,B,1603,285,12
234,A,1976,1506,6
234,A,1231,1462,6
234,A,460,1198,6
234,A,682,325,6
234,A,654,324,6
234,A,250,663,6
234,A,226,710,6
234,B,400,359,12
234,B,1406,342,12
234,B,938,289,12
234,B,1924,896,12
234,B,1762,368,12
234,B,943,1327,12
234,B,1200,1257,12
234,B,1498,1646,12
234,B,176,990,12
234,B,2147,635,12
234,B,2036,384,12
234,B,2012,578,12
234,B,1133,996,12
236,A,1701,745,6
236,A,1898,703,6
236,A,1952,1502,6
236,D,2079,327,48
236,C,355,484,28
236,C,763,359,28
236,C,1176,327,28
236,C,1574,1123,28
236,C,816,1221,28
236,C,414,1399,28
236,B,1179,289,12
236,B,1402,631,12
236,B,1780,1239,12
236,B,1041,1611,12
236,B,670,1418,12
236,B,1004,1123,12
236,B,475,1024,12
236,D,2259,215,48
237,C,1758,558,28
237,C,1922,294,28
237,C,1061,847,28
237,C,202,1128,28
237,C,433,1217,28
237,C,1917,1189,28
237,C,431,1687,28
237,B,324,499,12
237,B,584,348,12
237,B,908,488,12
237,B,1491,609,12
237,B,1424,1419,12
237,B,1972,1615,12
237,B,1102,1657,12
238,A,1963,1497,6
238,A,1880,1547,6
238,A,1010,1585,6
238,A,357,1475,6
238,A,540,1051,6
238,A,495,972,6
238,A,2147,861,6
238,A,1985,453,6
238,A,512,690,6
238,C,1030,235,28
238,B,237,650,12
238,B,606,1237,12
238,B,772,1469,12
238,B,1142,1346,12
238,B,1463,1318,12
238,B,1659,928,12
238,B,1139,998,12
238,B,864,968,12
238,B,1520,200,12
238,B,2112,1652,12
239,A,2145,1475,6
239,A,2029,1607,6
239,A,1725,1419,6
239,A,1708,1482,6
239,A,534,1068,6
239,A,527,1086,6
239,A,2086,451,6
239,C,886,742,28
239,C,652,642,28
239,C,339,359,28
239,C,2239,791,28
239,C,866,1414,28
239,B,459,1239,12
239,B,567,1084,12
239,B,1493,1574,12
239,B,2154,1359,12
239,B,1043,1526,12
239,B,1624,351,12
239,B,2121,440,12
239,B,348,802,12
239,B,1229,865,12
239,B,639,1379,12
240,A,648,622,6
240,A,855,661,6
240,A,1196,486,6
240,A,1229,465,6
240,A,1063,362,6
240,A,363,646,6
240,A,269,349,6
240,A,1738,1488,6
240,A,1721,1685,6
240,C,1023,1429,28
240,C,827,751,28
240,B,1548,274,12
240,B,1225,425,12
240,B,1056,314,12
240,B,272,419,12
240,B,1683,836,12
240,B,674,821,12
240,B,188,1316,12
240,B,1974,1125,12
240,B,1435,1079,12
240,B,1170,996,12
240,B,744,1534,12
240,B,1721,1362,12
240,B,1712,992,12
240,B,409,815,12
241,A,1541,933,6
241,A,1203,1033,6
241,A,331,453,6
241,A,943,755,6
241,C,291,353,28
241,A,1598,1469,6
241,C,278,989,28
241,C,1152,1412,28
241,B,687,250,12
241,B,427,640,12
241,B,1782,1232,12
241,B,331,1445,12
241,B,315,1644,12
241,B,556,1675,12
241,B,729,1245,12
241,B,973,1289,12
241,B,1395,1545,12
241,B,2224,1018,12
241,B,1915,863,12
241,B,1555,985,12
241,B,529,1108,12
241,B,805,736,12
241,B,1751,412,12
241,B,949,661,12
242,A,800,462,6
242,A,953,887,6
242,A,1852,998,6
242,A,1581,493,6
242,C,1021,651,28
242,C,361,744,28
242,C,1200,523,28
242,B,1850,622,12
242,B,2165,1066,12
242,B,412,1508,12
242,B,569,1211,12
242,B,1353,1410,12
242,B,626,1631,12
242,B,2079,1618,12
243,C,599,1186,28
243,C,1565,1141,28
243,A,1098,320,6
243,A,602,359,6
243,A,610,377,6
243,A,1400,1070,6
243,B,1701,305,12
243,C,1395,265,28
243,D,175,257,48
243,A,1201,338,6
243,B,1966,325,12
243,B,2079,462,12
243,B,2151,1016,12
243,B,1056,810,12
243,B,2154,1449,12
243,B,1904,1195,12
243,B,481,1745,12
243,B,1054,1696,12
243,B,169,337,12
243,B,361,440,12
244,C,940,357,28
244,C,1797,241,28
244,C,1609,760,28
244,B,547,872,12
244,B,259,1051,12
244,B,711,539,12
244,B,1069,696,12
244,B,1587,1326,12
244,B,1463,1071,12
244,A,1247,567,6
244,A,488,808,6
244,C,790,1101,28
244,C,599,1394,28
244,C,211,1384,28
244,B,1102,1211,12
244,B,2147,1036,12
244,B,2070,869,12
244,B,123,751,12
244,C,1933,1204,28
244,C,1415,1447,28
245,C,329,1440,28
245,C,1750,588,28
245,B,1898,288,12
245,B,1561,1181,12
245,B,337,1503,12
245,A,1148,1256,6
245,B,234,335,12
245,B,498,362,12
245,B,857,416,12
245,B,184,774,12
245,B,1291,477,12
245,B,2173,180,12
245,B,1643,167,12
245,B,1959,1273,12
245,B,714,1304,12
245,B,964,1296,12
245,B,1140,1237,12
246,B,1041,376,12
246,B,1607,431,12
246,B,1833,536,12
246,B,1496,799,12
246,B,1919,787,12
246,B,1081,1013,12
246,B,394,343,12
246,B,261,1063,12
246,B,616,1178,12
246,B,1825,1472,12
246,B,1395,1151,12
246,B,2012,1168,12
246,A,1475,1769,6
246,A,2192,1229,6
246,A,2104,337,6
246,A,389,410,6
246,B,1672,1262,12
246,B,1632,1543,12
247,C,597,179,28
247,A,1163,1431,6
247,C,1513,300,28
247,C,1806,334,28
247,B,403,1065,12
247,B,344,1429,12
247,B,1527,1273,12
247,B,2146,987,12
247,B,803,1174,12
247,B,1862,626,12
247,B,1015,519,12
247,C,1083,890,28
247,C,1537,538,28
247,C,638,422,28
247,B,478,558,12
247,C,1692,975,28
247,C,927,1380,28
247,C,561,1557,28
248,A,235,1062,6
248,A,264,1040,6
248,B,612,1713,12
248,B,349,1468,12
248,B,1374,1463,12
248,B,1656,1295,12
248,B,1588,1121,12
248,B,1981,1067,12
248,B,857,1016,12
248,B,1289,820,12
248,B,2163,684,12
248,B,881,744,12
248,B,308,567,12
248,C,2151,325,28
248,C,1780,152,28
248,C,1032,1011,28
248,C,1619,1667,28
249,C,1481,1026,28
249,C,385,1245,28
249,C,1177,1285,28
249,B,1693,1296,12
249,B,586,1417,12
249,B,813,1344,12
249,B,637,1696,12
249,B,270,1149,12
249,B,928,959,12
249,A,1804,655,6
249,A,1898,787,6
249,A,821,1197,6
249,A,1972,1403,6
249,A,2014,1365,6
249,A,1226,1710,6
249,B,400,349,12
249,B,1033,328,12
249,B,2158,265,12
249,A,934,1495,6
249,A,528,1457,6
249,A,2087,1449,6
249,A,1976,1694,6
249,A,1270,372,6
249,A,1701,293,6
250,D,788,879,48
250,C,1253,892,28
250,C,264,1091,28
250,C,2137,1109,28
250,C,1808,1344,28
250,C,2081,1735,28
250,C,291,1470,28
250,B,609,330,12
250,B,1075,479,12
250,B,1609,385,12
250,B,1657,714,12
250,B,1959,498,12
250,B,2051,1063,12
250,B,1452,1199,12
250,B,1448,1568,12
250,B,723,1522,12
250,B,567,1315,12
250,B,282,1581,12
250,B,1075,1348,12
250,A,660,328,6
250,A,991,527,6
250,A,278,1597,6
251,A,517,1676,6
251,A,1381,172,6
251,B,332,240,12
251,B,1561,909,12
251,B,2125,832,12
251,B,1649,1162,12
251,B,1173,803,12
251,B,454,912,12
251,B,1160,1196,12
251,B,1483,1395,12
251,B,1952,1560,12
251,B,405,1281,12
251,C,1935,172,28
251,C,886,397,28
251,B,252,1499,12
251,B,1765,1142,12
252,A,2212,340,6
252,B,1624,180,12
252,B,729,418,12
252,B,612,342,12
252,B,1911,804,12
252,B,812,893,12
252,B,2241,1175,12
252,B,1679,1173,12
252,C,2226,626,28
252,C,2049,230,28
252,C,274,403,28
252,B,405,1088,12
252,B,307,1348,12
252,B,683,1215,12
252,B,1690,1491,12
252,B,1253,1425,12
252,B,1050,318,12
252,B,1531,661,12
252,C,1170,817,28
252,C,1859,1316,28
253,B,1241,238,12
253,B,1231,490,12
253,B,700,878,12
253,B,978,1205,12
253,B,417,786,12
253,B,536,478,12
253,B,1112,218,12
253,B,1624,975,12
253,B,1695,1271,12
253,B,2083,943,12
253,B,286,1208,12
253,B,755,592,12
253,D,1277,1465,48
253,A,2161,507,6
253,C,1855,589,28
253,C,854,710,28
253,C,621,1528,28
253,A,1259,1120,6
253,A,1099,1539,6
253,A,273,1521,6
254,A,2184,1419,6
254,A,1691,1199,6
254,A,324,1112,6
254,A,309,1144,6
254,A,1001,967,6
254,A,830,927,6
254,A,1645,940,6
254,A,1612,519,6
254,B,1579,1207,12
254,B,1350,1315,12
254,B,681,1294,12
254,B,784,1526,12
254,B,686,1569,12
254,B,631,1475,12
254,B,355,1501,12
254,B,871,761,12
254,B,475,901,12
254,B,2023,495,12
254,B,1908,445,12
254,B,717,465,12
254,B,281,717,12
254,B,567,190,12
254,C,2123,1365,28
254,B,1745,319,12
254,A,204,301,6
254,B,1321,1827,12
255,C,438,747,28
255,C,1138,1356,28
255,C,540,1336,28
255,B,1226,1070,12
255,B,1156,1061,12
255,B,1842,1082,12
255,B,1900,1325,12
255,B,1255,1572,12
255,B,261,1172,12
255,B,670,1093,12
255,B,1699,1482,12
255,B,827,1616,12
255,B,1542,747,12
255,B,1171,443,12
255,B,1557,184,12
255,A,1926,540,6
255,A,1133,770,6
255,A,1882,1294,6
256,D,2192,251,48
256,C,538,1407,28
256,C,247,1472,28
256,B,767,335,12
256,B,1360,1698,12
256,B,962,1507,12
256,B,1955,1281,12
256,B,1580,1493,12
256,B,995,1047,12
256,B,897,663,12
256,B,1638,580,12
256,B,1517,665,12
256,B,1320,379,12
256,A,2056,923,6
256,A,2039,940,6
256,A,429,808,6
257,A,1522,1055,6
257,A,1129,1307,6
257,A,1301,1300,6
257,A,1170,941,6
257,A,354,555,6
257,A,310,572,6
257,B,1265,553,12
257,B,903,538,12
257,B,1088,948,12
257,B,1780,798,12
257,B,2258,1099,12
257,C,2173,322,28
257,C,342,485,28
257,C,648,1407,28
257,B,1760,1286,12
257,B,735,822,12
257,B,672,890,12
257,B,386,1152,12
257,B,893,1368,12
257,B,1593,1601,12
257,B,2144,1596,12
257,B,2103,1594,12
257,B,1248,1332,12
258,A,643,974,6
258,A,1701,780,6
258,A,1576,1536,6
258,A,1887,1519,6
258,A,278,1427,6
258,B,1917,1366,12
258,B,1236,1322,12
258,B,1644,1418,12
258,B,1546,1532,12
258,B,647,1381,12
258,B,331,1140,12
258,B,280,1204,12
258,B,1340,309,12
258,B,1227,401,12
258,B,576,388,12
258,B,405,184,12
258,B,1946,863,12
258,B,1471,567,12
258,C,1904,473,28
258,C,1194,1077,28
259,C,2110,359,28
259,C,1661,871,28
259,C,383,1123,28
259,C,1391,1203,28
259,B,1831,429,12
259,B,927,582,12
259,B,604,434,12
259,B,456,740,12
259,B,840,999,12
259,B,1058,861,12
259,B,2180,1327,12
259,B,1780,1451,12
259,B,1022,1485,12
259,B,648,1366,12
259,B,701,1237,12
260,C,1071,1541,28
260,C,2003,1409,28
260,B,1880,322,12
260,B,1546,745,12
260,B,1731,831,12
260,B,1016,1011,12
260,B,607,709,12
260,B,381,988,12
260,B,1379,1126,12
260,B,1574,1612,12
260,B,2009,1738,12
260,B,729,1528,12
260,B,1022,1051,12
260,A,379,1421,6
262,D,2533,1934,48
262,C,1171,548,28
262,C,668,1301,28
262,C,698,445,28
262,C,980,1134,28
262,B,235,1122,12
262,B,1009,1244,12
262,B,1457,1327,12
262,B,1756,1203,12
262,A,2036,1255,6
262,A,1616,419,6
262,B,2051,404,12
262,B,438,741,12
262,B,224,557,12
262,B,1238,723,12
262,A,1020,1181,6
262,A,1044,1224,6
262,A,1476,1283,6
262,A,2069,439,6
263,C,1409,973,28
263,C,996,1097,28
263,B,1828,1226,12
263,B,2139,935,12
263,B,1140,371,12
263,B,709,240,12
263,B,224,459,12
263,B,257,1043,12
263,B,2001,321,12
263,A,1138,677,6
263,A,1181,690,6
263,B,1634,513,12
263,A,1798,1561,6
263,A,620,992,6
264,C,419,733,28
264,C,2190,1420,28
264,C,624,872,28
264,B,626,270,12
264,B,1634,349,12
264,B,2144,410,12
264,B,1809,1262,12
264,B,1624,917,12
264,B,1175,1104,12
264,B,952,1285,12
264,B,422,884,12
264,B,270,1086,12
264,A,1450,1285,6
264,A,1192,328,6
264,A,947,206,6
264,A,211,705,6
264,A,1072,925,6
264,A,904,527,6
264,A,264,868,6
264,B,690,1246,12
264,B,185,1305,12
264,C,1896,423,28
264,B,1417,343,12
264,B,131,330,12
264,B,1409,785,12
264,A,2106,328,6
264,A,2131,361,6
265,C,1116,830,28
265,C,349,1292,28
265,C,960,1639,28
265,B,2095,302,12
265,B,165,404,12
265,B,529,219,12
265,B,1981,1039,12
265,C,1396,1366,28
265,B,1672,1432,12
265,B,2185,923,12
265,A,886,682,6
265,A,1827,361,6
265,C,680,1507,28
265,B,831,1050,12
265,B,876,950,12
265,B,1343,677,12
265,A,1745,270,6
265,A,864,1759,6
265,A,863,1762,6
265,B,1070,1382,12
265,B,1358,348,12
266,C,1610,252,28
266,C,270,543,28
266,C,269,1111,28
266,C,1720,1215,28
266,C,2115,1252,28
266,B,1409,1228,12
266,B,662,1252,12
266,B,1980,320,12
266,C,1062,269,28
266,B,1022,798,12
266,B,252,780,12
266,A,983,795,6
266,A,662,1164,6
266,A,275,1034,6
266,A,351,1167,6
266,A,996,290,6
267,C,1912,369,28
267,C,292,344,28
267,C,527,1478,28
267,B,1629,1223,12
267,B,2106,1067,12
267,B,1244,983,12
267,B,446,1182,12
267,B,152,774,12
267,B,869,295,12
267,A,706,527,6
267,A,85,514,6
267,A,868,1450,6
267,A,1080,1039,6
267,B,1870,1412,12
267,B,1392,331,12
267,B,94,343,12
267,B,1616,996,12
267,B,914,1463,12
268,C,2115,274,28
268,C,789,933,28
268,B,257,190,12
268,B,831,410,12
268,B,1358,583,12
268,B,1463,560,12
268,B,405,680,12
268,B,2131,1195,12
268,B,1504,1503,12
268,B,275,1361,12
268,B,497,1009,12
268,B,499,1371,12
268,C,1781,1338,28
268,B,734,1331,12
268,A,208,1585,6
268,A,496,1664,6
268,A,1542,1605,6
268,A,1800,1387,6
268,C,1455,440,28
268,B,1792,103,12
269,B,2277,264,12
269,B,489,286,12
269,B,1916,307,12
269,B,1970,973,12
269,B,1494,1119,12
269,B,1182,1128,12
269,C,952,1316,28
269,C,180,1314,28
269,C,1667,535,28
269,C,1273,487,28
269,C,281,609,28
269,B,943,332,12
269,B,311,216,12
269,B,2187,1259,12
269,B,1702,1119,12
269,B,480,1148,12
269,B,711,1226,12
269,A,279,682,6
270,B,2204,236,12
270,B,1529,655,12
270,B,1904,994,12
270,B,1619,1200,12
270,B,1277,1238,12
270,B,947,1121,12
270,B,2098,1313,12
270,B,614,1269,12
270,A,183,1386,6
270,A,2126,1450,6
270,B,2047,576,12
270,B,580,514,12
270,B,1404,279,12
270,C,289,242,28
270,B,231,761,12
271,C,1367,1439,28
271,B,2093,1331,12
271,B,1912,1006,12
271,B,1540,1052,12
271,B,935,1194,12
271,B,513,1132,12
271,C,1206,1135,28
271,B,1603,461,12
271,B,934,771,12
271,B,653,795,12
271,B,1341,231,12
271,B,250,284,12
271,B,884,334,12
271,B,274,850,12
271,A,1931,366,6
272,C,159,616,28
272,B,2080,887,12
272,B,1819,1065,12
272,B,1568,1096,12
272,B,1279,1174,12
272,B,1019,1177,12
272,B,507,1182,12
272,B,239,1261,12
272,A,251,1129,6
272,A,2134,295,6
272,A,2083,678,6
272,A,1883,321,6
272,A,780,520,6
272,B,448,502,12
272,B,1027,524,12
272,B,1466,338,12
272,C,1654,330,28
272,A,1039,601,6
273,C,1414,504,28
273,C,1782,631,28
273,C,269,481,28
273,C,1893,1272,28
273,B,1564,1384,12
273,B,720,1155,12
273,B,361,1320,12
273,B,1424,739,12
273,B,1434,849,12
273,B,1184,522,12
273,B,2217,364,12
273,B,1188,300,12
273,B,525,369,12
273,B,835,374,12
273,B,1633,729,12
273,A,965,1348,6
274,D,2172,216,48
274,C,1975,298,28
274,B,1736,177,12
274,C,1042,438,28
274,C,453,338,28
274,C,195,397,28
274,B,1712,1514,12
274,B,1965,1228,12
274,B,1070,1267,12
274,C,746,1155,28
274,B,234,1174,12
274,B,442,1280,12
274,B,93,1236,12
274,B,262,1669,12
274,B,1531,1331,12
274,A,293,1690,6
274,A,718,1032,6
274,A,154,318,6
274,B,688,563,12
274,A,2250,868,6
275,C,2149,696,28
275,C,736,1410,28
275,B,2156,1165,12
275,B,1412,1146,12
275,B,1564,1455,12
275,B,218,1374,12
275,B,807,981,12
275,B,422,881,12
275,B,1121,366,12
275,B,1491,343,12
275,A,2095,244,6
275,A,1799,1012,6
275,A,1134,1320,6
275,A,779,1593,6
275,C,590,1118,28
275,A,1562,1672,6
275,A,817,802,6
275,A,381,703,6
275,A,2164,1004,6
276,C,1586,509,28
276,C,1264,548,28
276,C,2058,970,28
276,C,2019,388,28
276,C,451,1728,28
276,B,1654,1384,12
276,B,2030,1483,12
276,B,2110,1629,12
276,B,1308,1461,12
276,B,948,1437,12
276,B,255,1128,12
276,A,583,1250,6
276,C,1588,1134,28
276,B,290,699,12
276,B,810,817,12
276,B,755,517,12
276,A,1676,723,6
276,A,1691,673,6
276,A,2069,1124,6
277,C,1890,1151,28
277,C,1683,1342,28
277,B,208,326,12
277,B,457,427,12
277,B,1452,390,12
277,B,2027,502,12
277,B,1683,749,12
277,B,1698,508,12
277,A,785,456,6
277,A,1418,1287,6
277,A,1049,1616,6
277,B,1031,1471,12
277,A,266,1544,6
277,B,529,1480,12
277,B,226,1319,12
277,B,231,1368,12
277,C,1165,851,28
277,B,1156,479,12
278,B,848,275,12
278,B,1162,267,12
278,B,1559,591,12
278,B,1782,599,12
278,B,2009,494,12
278,B,1995,1192,12
278,B,1643,1256,12
278,C,1394,1175,28
278,B,1049,1312,12
278,B,731,1496,12
278,B,165,1491,12
278,A,215,1478,6
278,B,1611,1399,12
278,B,599,769,12
278,A,435,609,6
278,A,1570,937,6
279,D,2129,394,48
279,B,1754,358,12
279,B,1972,680,12
279,B,960,272,12
279,B,779,594,12
279,B,395,547,12
279,B,1776,1382,12
279,B,1743,1208,12
279,B,1007,1420,12
279,C,751,1322,28
279,B,534,1254,12
279,B,247,1114,12
279,A,1496,1440,6
279,B,1226,522,12
279,B,1208,488,12
280,C,333,394,28
280,C,616,1127,28
280,B,1749,1147,12
280,B,2098,1341,12
280,B,2157,1479,12
280,B,1389,1175,12
280,B,693,1578,12
280,B,1042,1664,12
280,B,1580,787,12
280,C,680,414,28
280,B,1893,182,12
280,B,2161,251,12
280,B,1128,182,12
280,A,1182,185,6
280,A,1123,427,6
280,A,1425,466,6
280,A,1376,1320,6
280,B,211,1679,12
280,B,435,1651,12
280,A,305,1220,6
280,C,881,1042,28
280,C,919,1127,28
280,A,228,909,6
281,B,614,278,12
281,B,277,483,12
281,B,806,666,12
281,B,864,293,12
281,B,1415,283,12
281,B,1752,349,12
281,A,1985,767,6
281,B,1204,727,12
281,B,1593,743,12
281,B,620,1134,12
281,B,314,1036,12
281,B,1883,1426,12
281,A,1883,1365,6
281,A,1883,1474,6
281,B,2181,299,12
281,A,945,1092,6
281,C,1348,1348,28
282,D,2251,244,48
282,B,1800,488,12
282,B,1814,601,12
282,B,1879,728,12
282,B,1335,585,12
282,C,191,381,28
282,D,565,516,48
282,B,1086,344,12
282,B,1078,287,12
282,B,1514,372,12
282,B,1786,1062,12
282,C,2157,1445,28
282,A,2159,1382,6
282,B,1404,1271,12
282,B,1404,1410,12
282,B,685,1118,12
282,B,142,1356,12
282,C,386,1058,28
282,C,493,1611,28
282,A,405,1583,6
282,C,1067,1478,28
282,B,1848,785,12
282,C,483,394,28
282,A,1274,688,6
283,B,565,417,12
283,B,1229,339,12
283,B,943,1268,12
283,B,1264,1056,12
283,B,1719,1369,12
283,B,543,1587,12
283,B,914,586,12
283,A,1450,922,6
283,A,279,643,6
283,A,366,914,6
283,A,1744,352,6
283,B,1763,299,12
283,B,277,1470,12
284,B,732,461,12
284,B,328,463,12
284,B,547,722,12
284,B,1838,520,12
284,B,343,894,12
284,B,706,930,12
284,B,994,1005,12
284,B,1331,932,12
284,B,1601,1091,12
284,B,1853,1454,12
284,A,1102,1572,6
284,A,708,1261,6
284,A,723,1144,6
284,A,1884,1060,6
284,A,1478,310,6
285,B,248,229,12
285,B,935,218,12
285,B,1730,229,12
285,B,2038,517,12
285,B,1479,601,12
285,B,677,977,12
285,B,2110,1192,12
285,C,1175,1207,28
285,C,456,1366,28
285,A,1804,1017,6
285,A,1800,981,6
285,A,2115,1008,6
285,A,845,1014,6
285,A,274,878,6
285,A,640,347,6
285,A,1227,378,6
286,C,290,448,28
286,C,185,1100,28
286,C,806,1277,28
286,B,1133,529,12
286,B,843,566,12
286,B,497,356,12
286,B,1514,360,12
286,B,2067,461,12
286,B,1732,732,12
286,B,2272,1014,12
286,B,2038,1087,12
286,B,1446,887,12
286,B,1240,1423,12
286,B,1617,1375,12
286,B,1861,1378,12
286,B,1186,1119,12
286,B,399,1612,12
287,B,1759,473,12
287,B,2019,557,12
287,A,2031,652,6
287,A,1409,1409,6
287,A,267,1249,6
287,A,585,983,6
287,B,879,1386,12
287,B,1213,1289,12
287,B,2054,1045,12
287,B,1425,438,12
287,C,1124,358,28
287,C,1100,861,28
287,B,270,586,12
287,B,827,414,12
287,A,275,779,6
287,B,389,1664,12
287,B,1180,1634,12
288,C,2195,198,28
288,B,1522,348,12
288,B,947,441,12
288,B,275,629,12
288,B,692,970,12
288,B,1272,1063,12
288,B,1022,1244,12
288,B,960,1419,12
288,B,323,1359,12
288,B,1667,1331,12
288,B,1998,1310,12
288,B,239,1060,12
288,B,1786,499,12
288,B,1317,428,12
288,B,641,539,12
288,B,223,468,12
288,A,1455,769,6
289,C,2103,282,28
289,C,1541,252,28
289,C,776,397,28
289,C,282,632,28
289,C,1116,1318,28
289,C,723,1019,28
289,B,221,1192,12
289,B,493,1014,12
289,B,470,1062,12
289,B,608,1455,12
289,A,1759,1229,6
289,A,1726,1215,6
289,B,2001,1012,12
289,A,1478,1009,6
289,A,499,863,6
289,B,1381,474,12
289,B,1700,738,12
289,C,1547,624,28
289,B,1085,557,12
289,B,279,448,12
289,B,1106,423,12
290,C,688,594,28
290,C,639,293,28
290,C,305,395,28
290,C,1631,993,28
290,B,1244,894,12
290,B,1238,955,12
290,B,1211,1053,12
290,B,1526,897,12
290,B,2139,1167,12
290,A,1374,1425,6
290,A,996,1002,6
290,A,988,1065,6
290,A,476,1210,6
290,B,376,991,12
290,C,317,1096,28
290,B,601,932,12
290,C,1555,290,28
290,B,1075,435,12
290,B,277,279,12
290,B,1898,307,12
290,B,2157,374,12
291,C,2213,257,28
291,C,1228,325,28
291,C,677,446,28
291,C,317,774,28
291,C,1981,1290,28
291,B,1866,479,12
291,B,1564,471,12
291,B,980,618,12
291,B,1514,1419,12
291,B,1353,1072,12
291,C,752,1616,28
291,C,295,1261,28
291,B,521,1134,12
291,B,927,1150,12
291,B,1754,1343,12
291,B,2386,1499,12
291,B,1238,603,12
291,B,1239,519,12
291,B,318,877,12
291,B,320,1466,12
292,B,2144,358,12
292,B,603,412,12
292,B,1847,289,12
292,B,1147,351,12
292,B,553,1493,12
292,B,650,1178,12
292,C,312,1381,28
292,B,896,1216,12
292,B,669,1058,12
292,B,292,1027,12
292,A,1615,1257,6
292,A,1590,1422,6
292,A,1845,1274,6
292,C,318,369,28
292,C,414,550,28
292,B,1646,356,12
292,C,1666,443,28
292,B,1277,1249,12
293,B,2134,257,12
293,B,1680,372,12
293,B,1388,325,12
293,B,687,488,12
293,C,272,323,28
293,C,280,387,28
293,C,1065,417,28
293,C,749,1419,28
293,B,1930,1172,12
293,A,1944,1111,6
293,B,2082,1336,12
293,A,489,1067,6
293,B,254,1188,12
293,B,1014,1177,12
293,C,1274,1405,28
293,B,1647,1068,12
293,B,1919,433,12
293,A,1690,718,6
293,C,1299,1175,28
294,C,613,1045,28
294,C,1233,512,28
294,C,586,303,28
294,B,858,310,12
294,B,539,723,12
294,B,254,404,12
294,B,1850,422,12
294,B,1531,326,12
294,B,93,1182,12
294,A,922,1039,6
294,A,2027,1048,6
294,B,443,576,12
294,B,1404,520,12
294,B,1419,802,12
294,B,2054,399,12
294,A,2047,461,6
294,A,1328,1096,6
294,B,1810,1101,12
295,D,1937,562,48
295,C,1080,1498,28
295,A,1700,1312,6
295,B,1388,1174,12
295,C,507,940,28
295,B,321,1399,12
295,B,835,1363,12
295,B,1384,290,12
295,B,873,226,12
295,B,618,563,12
295,C,284,455,28
295,C,251,858,28
295,C,952,366,28
295,C,1748,302,28
295,C,1817,928,28
295,B,940,1034,12
295,A,1082,1244,6
295,A,261,330,6
296,C,647,553,28
296,C,2108,836,28
296,C,353,925,28
296,C,603,947,28
296,C,912,938,28
296,C,488,1616,28
296,C,935,1529,28
296,B,2113,1493,12
296,B,1649,1628,12
296,B,1407,1188,12
296,B,1847,1155,12
296,B,1450,293,12
296,B,305,374,12
296,B,586,379,12
296,C,1881,563,28
296,C,1035,400,28
297,B,2097,425,12
297,B,1549,501,12
297,B,1188,297,12
297,B,570,341,12
297,B,270,354,12
297,C,975,198,28
297,C,1950,1277,28
297,C,1001,904,28
297,B,598,1246,12
297,C,1465,1315,28
297,A,226,1382,6
297,A,1491,1670,6
297,B,1593,968,12
297,B,1346,1025,12
298,B,672,479,12
298,B,1439,284,12
298,B,2013,409,12
298,B,1205,858,12
298,B,1577,1144,12
298,B,971,1225,12
298,B,270,1192,12
298,B,1241,1683,12
298,B,1957,1129,12
298,C,652,1030,28
298,A,720,1058,6
298,A,340,565,6
298,A,1001,149,6
299,C,2072,476,28
299,C,1281,1410,28
299,B,1003,1106,12
299,B,343,1254,12
299,B,1618,1450,12
299,B,1921,937,12
299,B,1682,481,12
299,B,831,588,12
299,C,1276,335,28
299,A,369,567,6
299,A,1448,920,6
299,A,2134,1190,6
299,A,868,1424,6
299,C,687,1159,28
299,B,1721,818,12
300,C,1631,435,28
300,C,1925,316,28
300,C,432,284,28
300,B,1027,974,12
300,B,835,1333,12
300,B,1378,1335,12
300,B,1496,1405,12
300,A,341,1016,6
300,A,1876,810,6
300,A,1312,614,6
300,B,728,631,12
300,B,662,497,12
300,C,343,734,28
300,B,660,1162,12
300,A,1728,1348,6
300,B,195,1386,12
300,B,259,1493,12
302,C,843,552,28
302,B,2009,254,12
302,B,1817,346,12
302,B,1376,525,12
302,B,1955,943,12
302,B,1146,1192,12
302,B,810,1330,12
302,B,830,1647,12
302,C,305,1596,28
302,A,1598,1095,6
302,A,1644,1142,6
302,B,397,808,12
302,A,104,899,6
303,C,1738,371,28
303,C,1047,407,28
303,B,450,474,12
303,B,2026,468,12
303,C,1536,1078,28
303,C,1996,1476,28
303,B,833,1113,12
303,B,284,1402,12
303,B,1409,1526,12
303,B,2003,1302,12
303,B,1741,1177,12
303,B,581,1521,12
303,A,1896,812,6
303,A,664,488,6
303,A,1318,249,6
304,C,950,448,28
304,B,1656,1284,12
304,B,1335,1299,12
304,B,989,1169,12
304,B,757,1371,12
304,B,611,1697,12
304,B,1674,563,12
304,B,581,641,12
304,B,308,624,12
304,B,1759,300,12
304,B,1328,386,12
304,A,234,1292,6
305,B,1745,1598,12
305,B,1995,1419,12
305,B,1929,1399,12
305,C,1920,1065,28
305,C,1971,321,28
305,B,200,435,12
305,B,412,299,12
305,B,408,266,12
305,B,1761,415,12
305,B,1606,332,12
305,B,1007,1238,12
305,B,430,1369,12
305,B,1282,1662,12
305,B,596,1226,12
305,A,1560,1012,6
305,A,1675,666,6
305,A,884,850,6
305,A,1072,400,6
306,D,327,523,48
306,C,623,375,28
306,C,1641,1656,28
306,C,1376,1613,28
306,C,400,1520,28
306,B,839,1178,12
306,B,1167,1186,12
306,B,1638,1297,12
306,B,1983,1101,12
306,B,1944,1027,12
306,B,1376,780,12
306,B,672,731,12
306,B,618,861,12
306,B,1713,358,12
306,B,1109,344,12
306,C,2184,270,28
306,A,1786,440,6
306,A,1292,1244,6
306,B,239,966,12
306,B,1215,1688,12
307,D,776,1474,48
307,C,1921,1447,28
307,C,2034,1128,28
307,C,1741,756,28
307,C,2016,391,28
307,B,477,562,12
307,B,326,556,12
307,B,1392,298,12
307,B,1767,448,12
307,B,1095,265,12
307,B,685,985,12
307,B,1768,1025,12
307,B,1407,1196,12
307,B,1409,1278,12
307,B,1027,1187,12
307,B,220,1113,12
307,B,480,1137,12
307,A,1409,1095,6
307,A,464,1486,6
307,A,1116,321,6
307,A,1123,452,6
307,A,1125,428,6
307,A,1123,508,6
307,A,1126,477,6
307,A,1132,387,6
307,A,1129,358,6
307,A,315,670,6
349,C,81,899,28
349,D,1244,1279,48
349,C,92,1208,28
349,B,547,411,12
349,B,689,397,12
349,B,725,372,12
349,B,757,394,12
349,B,237,1467,12
349,B,380,1453,12
349,B,494,1432,12
349,B,252,1428,12
349,B,266,1450,12
350,D,985,358,48
350,B,1134,650,12
350,B,1138,568,12
350,B,1757,419,12
350,C,1088,1037,28
351,C,476,447,28
351,C,586,899,28
351,C,1476,507,28
351,C,2013,1119,28
351,C,1369,532,28
351,B,1597,710,12
351,C,1835,867,28
351,C,259,1179,28
351,B,1632,120,12
351,B,2287,671,12
351,B,1707,1755,12
352,C,2194,493,28
352,C,1977,778,28
352,C,910,803,28
352,C,1565,1215,28
352,B,1935,1467,12
352,B,1995,1396,12
352,B,2184,1229,12
352,B,2166,1272,12
352,B,1607,1670,12
352,B,1654,1674,12
352,B,1273,1286,12
352,B,647,511,12
353,B,414,227,12
353,B,95,1021,12
353,B,1112,1186,12
353,B,1896,964,12
353,B,1013,1812,12
353,B,1464,1794,12
353,B,1110,899,12
353,A,703,546,6
353,A,1196,278,6
353,A,1669,1082,6
353,A,1940,1366,6
353,A,1302,1119,6
354,B,456,602,12
354,B,1583,435,12
354,B,307,1534,12
354,C,2101,786,28
354,A,1374,839,6
354,A,238,1013,6
354,A,879,1201,6
354,A,1198,1743,6
354,A,827,1551,6
354,A,710,782,6
354,A,477,181,6
355,B,713,725,12
355,B,157,843,12
355,B,205,841,12
355,A,1966,1251,6
355,A,169,227,6
355,C,312,445,28
356,A,798,566,6
356,A,538,365,6
356,A,1996,1029,6
356,A,1648,895,6
356,A,1552,1523,6
356,B,2260,979,12
356,B,1936,996,12
356,B,131,906,12
357,C,1350,865,28
357,C,1780,1493,28
357,C,1335,1867,28
357,B,1258,1115,12
357,B,928,1259,12
357,B,2053,1776,12
358,B,390,1062,12
358,B,1586,572,12
358,B,1608,273,12
358,B,637,240,12
358,A,1603,666,6
359,A,2006,1688,6
359,A,1522,143,6
360,C,1107,1135,28
360,B,865,964,12
360,B,1199,1014,12
360,B,1286,198,12
361,C,215,1187,28
361,C,1953,1636,28
361,B,364,266,12
361,B,2213,752,12
361,B,2281,1496,12
361,A,1420,1119,6
361,A,1293,947,6
362,C,909,615,28
362,C,1634,648,28
362,C,1770,835,28
362,C,2059,1063,28
362,C,2160,1153,28
362,C,232,361,28
362,C,2059,1758,28
362,C,2082,1511,28
362,C,2160,1503,28
362,C,1699,1394,28
362,C,1355,1706,28
362,C,1514,1544,28
362,C,860,1448,28
362,B,720,372,12
362,B,720,372,12
362,B,749,376,12
362,B,1374,975,12
362,B,2189,617,12
362,B,2151,401,12
362,B,2208,397,12
362,B,680,870,12
362,B,383,1201,12
362,B,984,1199,12
362,B,1556,1096,12
362,B,1858,1337,12
362,B,1053,1637,12
362,B,194,1831,12
362,B,529,1540,12
362,B,1164,1806,12
362,A,269,1812,6
362,A,909,1658,6
362,A,1259,1496,6
362,A,1980,1756,6
362,A,1267,361,6
362,B,397,326,12
363,D,1808,497,48
363,D,1843,211,48
363,C,2160,246,28
363,C,217,330,28
363,C,1179,152,28
363,C,980,416,28
363,C,1011,514,28
363,C,546,543,28
363,C,269,742,28
363,C,1384,671,28
363,C,1485,845,28
363,C,735,1500,28
363,C,1311,1178,28
363,C,2116,1383,28
363,B,944,1124,12
363,B,265,1530,12
363,B,441,1559,12
363,B,1923,1498,12
363,B,2195,1565,12
363,B,1397,1450,12
363,B,2170,864,12
363,C,2175,594,28
363,A,538,753,6
363,A,934,1159,6
363,B,1998,330,12
364,C,1927,249,28
364,C,2264,224,28
364,C,678,201,28
364,C,455,527,28
364,C,1494,552,28
364,C,1565,348,28
364,C,1328,877,28
364,C,277,1073,28
364,C,2072,998,28
364,C,1976,1052,28
364,C,2092,1688,28
364,C,1610,1588,28
364,B,2031,1491,12
364,B,1731,1297,12
364,B,2027,1244,12
364,B,1450,1473,12
364,B,606,1187,12
364,B,652,1174,12
364,B,335,1667,12
364,A,586,1598,6
364,A,812,1188,6
364,A,771,1182,6
364,A,1501,1481,6
364,A,1524,1494,6
364,A,1545,1517,6
364,A,1578,1539,6
364,A,2113,927,6
364,A,759,854,6
364,A,790,848,6
364,B,1299,634,12
364,B,1230,455,12
365,D,1892,373,48
365,D,631,1108,48
365,C,742,435,28
365,C,2076,725,28
365,B,1170,465,12
365,B,1570,329,12
365,B,1721,1025,12
365,B,1409,1154,12
365,B,1888,1541,12
365,B,1844,1321,12
365,B,1813,1380,12
365,B,825,1537,12
365,C,309,1445,28
365,B,1273,773,12
365,B,1105,1078,12
365,B,1026,1008,12
365,B,797,537,12
365,A,2086,631,6
365,B,305,572,12
366,B,2238,341,12
366,D,2223,420,48
366,C,1554,374,28
366,C,2057,1131,28
366,B,2008,1373,12
366,B,1065,1428,12
366,B,433,1517,12
366,B,636,1445,12
366,B,1337,1642,12
366,B,354,956,12
366,B,810,1062,12
366,B,1225,917,12
366,B,494,647,12
366,B,713,435,12
366,B,1080,335,12
366,B,1241,593,12
366,B,264,325,12
366,B,289,399,12
366,A,417,1111,6
366,A,2215,660,6
366,A,912,1154,6
367,D,927,326,48
367,C,527,267,28
367,C,1265,376,28
367,C,1998,460,28
367,C,1567,583,28
367,C,160,1205,28
367,C,594,1318,28
367,C,1783,1595,28
367,B,1869,1061,12
367,B,1495,1222,12
367,B,1145,1306,12
367,B,1160,1392,12
367,B,1271,650,12
367,B,902,795,12
367,B,544,688,12
367,B,202,470,12
367,A,1011,966,6
367,A,1328,703,6
367,A,1902,315,6
368,D,1472,1312,48
368,C,2001,1082,28
368,C,1940,1017,28
368,C,1202,906,28
368,C,1812,376,28
368,B,1669,160,12
368,B,1238,462,12
368,B,758,483,12
368,B,1066,1100,12
368,B,183,969,12
368,B,353,763,12
368,B,355,1230,12
368,B,875,1255,12
368,B,636,1586,12
368,B,1873,1329,12
368,A,1942,1358,6
368,A,1860,1264,6
368,A,1468,1157,6
368,A,1539,1490,6
368,A,1506,1454,6
368,A,1020,1465,6
368,A,391,1637,6
368,A,774,1691,6
368,A,647,1641,6
368,A,833,1685,6
368,A,770,535,6
368,A,705,634,6
368,A,812,449,6
368,A,288,441,6
368,A,2059,110,6
368,A,1724,123,6
369,C,1986,177,28
369,B,2179,236,12
369,B,1698,272,12
369,C,2006,198,28
369,C,2072,532,28
369,C,353,797,28
369,C,1226,896,28
369,C,410,1570,28
369,C,1547,1419,28
369,B,1883,1257,12
369,B,1231,1479,12
369,B,320,1547,12
369,B,705,826,12
369,B,545,466,12
369,B,1086,389,12
369,B,201,420,12
369,A,902,356,6
369,A,879,353,6
369,A,1976,568,6
369,A,922,1476,6
369,A,1547,1624,6
369,A,369,1058,6
370,C,616,185,28
370,B,280,1086,12
370,B,525,1468,12
370,B,1338,1238,12
370,B,657,909,12
370,B,943,713,12
370,B,1557,797,12
370,B,1736,876,12
370,B,2062,1114,12
370,B,881,1300,12
370,B,1993,117,12
370,B,1341,126,12
370,B,2016,335,12
370,B,799,590,12
370,B,284,425,12
370,A,2062,1083,6
370,A,1629,947,6
370,A,598,1435,6
371,C,2046,305,28
371,B,2207,196,12
371,D,1580,1697,48
371,C,256,966,28
371,C,1100,1025,28
371,C,697,1401,28
371,C,392,175,28
371,B,1154,190,12
371,B,320,208,12
371,B,550,502,12
371,B,830,734,12
371,B,1363,757,12
371,B,2174,190,12
371,B,1626,466,12
371,B,298,187,12
371,B,2386,292,12
371,B,2202,866,12
371,B,2139,1182,12
371,B,2159,1150,12
371,B,466,1137,12
371,B,300,1269,12
371,B,736,1381,12
371,B,1901,1549,12
371,B,1995,1600,12
371,B,2255,1524,12
371,B,752,1659,12
371,A,224,1345,6
371,A,782,1420,6
371,A,1156,560,6
371,A,2115,183,6
372,C,2183,1170,28
372,C,1927,517,28
372,C,1629,520,28
372,C,1227,500,28
372,C,882,844,28
372,B,854,375,12
372,B,482,448,12
372,B,316,518,12
372,B,891,900,12
372,B,2043,931,12
372,B,2080,1557,12
372,B,2003,1397,12
372,B,1656,1323,12
372,B,1481,1334,12
372,B,659,1646,12
372,B,738,1651,12
372,B,231,1378,12
372,A,1693,1577,6
372,A,1227,1459,6
372,A,1236,1432,6
372,A,1217,1412,6
372,A,672,1251,6
372,A,375,1758,6
372,A,1645,809,6
373,C,843,1710,28
373,C,1144,1753,28
373,C,1652,1578,28
373,C,1947,1425,28
373,C,484,1037,28
373,C,1404,955,28
373,C,1809,302,28
373,B,960,242,12
373,B,1475,609,12
373,B,1906,562,12
373,B,621,525,12
373,B,609,423,12
373,B,249,514,12
373,B,960,1149,12
373,B,1193,920,12
373,B,289,1249,12
373,B,259,1336,12
373,B,1136,1404,12
373,B,1445,1581,12
373,B,1450,1606,12
373,A,70,1662,6
373,A,1279,1651,6
373,A,1871,1723,6
373,A,1524,282,6
374,C,2106,795,28
374,C,165,530,28
374,B,1197,359,12
374,B,1792,303,12
374,B,1768,284,12
374,B,1707,303,12
374,B,1814,613,12
374,B,1583,721,12
374,B,823,187,12
374,B,175,619,12
374,B,389,698,12
374,B,1068,882,12
374,B,1972,1172,12
374,B,1587,1308,12
374,B,1067,1379,12
374,B,1350,1157,12
374,B,366,1279,12
374,B,305,1433,12
374,B,343,1424,12
374,B,779,1549,12
374,B,1835,1762,12
374,B,1766,1695,12
374,B,521,1679,12
374,A,2014,1197,6
374,A,442,1343,6
374,A,330,1236,6
374,A,810,1017,6
374,A,1633,971,6
374,A,1649,1075,6
374,A,1093,917,6
374,A,1932,1142,6
374,A,1930,1080,6
374,B,761,576,12
374,A,1636,803,6
374,B,1274,433,12
374,A,1820,321,6
374,A,1809,363,6
374,A,1733,326,6
375,B,1954,765,12
375,B,127,774,12
375,B,362,1358,12
375,A,1441,1448,6
375,A,1892,531,6
375,A,202,684,6
375,A,1657,493,6
375,A,1426,407,6
375,B,1653,550,12
376,C,495,1741,28
376,C,416,649,28
376,B,1900,238,12
376,B,1015,999,12
376,B,307,644,12
376,A,1184,1568,6
376,A,1015,633,6
376,A,386,1010,6
376,A,226,181,6
376,A,1485,434,6
376,B,296,1227,12
377,C,1621,351,28
377,B,280,221,12
377,B,2236,1420,12
377,A,2057,402,6
377,A,1745,624,6
377,A,1299,280,6
377,A,2011,1563,6
377,A,274,1215,6
378,C,1708,1404,28
378,C,711,188,28
378,C,1710,149,28
378,C,558,517,28
378,C,238,805,28
378,B,624,172,12
378,B,828,233,12
378,B,1264,557,12
378,B,993,797,12
378,B,399,751,12
378,B,2220,1162,12
378,B,2218,1083,12
378,A,1019,1679,6
378,A,182,1419,6
378,A,1970,1667,6
378,A,2151,537,6
378,A,1384,358,6
378,A,1465,247,6
378,A,331,478,6
378,A,721,435,6
378,A,1286,675,6
380,D,2220,1439,48
380,C,688,1686,28
380,C,1765,763,28
380,C,594,1040,28
380,B,2172,214,12
380,B,1789,822,12
380,B,919,321,12
380,B,517,780,12
380,B,803,139,12
380,A,244,1795,6
380,A,325,1778,6
380,A,1103,861,6
380,A,1994,666,6
380,A,1339,319,6
380,A,1026,305,6
380,A,1140,366,6
380,A,1236,478,6
380,A,1179,369,6
380,A,323,270,6
380,A,793,868,6
381,C,1136,626,28
381,B,261,769,12
381,B,2151,752,12
381,B,2148,879,12
381,B,1850,1267,12
381,A,1096,1359,6
381,A,1136,1475,6
381,A,1182,1519,6
381,A,869,1345,6
381,A,320,1488,6
381,A,303,1442,6
381,A,353,1335,6
381,A,313,1302,6
381,A,524,1415,6
381,A,519,1784,6
381,A,1912,1443,6
381,A,935,970,6
381,A,598,1165,6
381,A,400,701,6
381,A,2171,820,6
381,A,2164,853,6
381,A,1290,318,6
381,A,521,512,6
381,A,1529,849,6
381,A,1934,149,6
382,B,784,1340,12
382,B,1693,1649,12
382,B,2176,1167,12
382,B,1291,997,12
382,B,1995,743,12
382,B,742,303,12
382,B,1173,163,12
382,A,2217,299,6
382,A,1488,382,6
382,A,1531,421,6
382,A,821,971,6
382,A,1031,778,6
382,A,217,1167,6
382,A,207,1391,6
382,A,93,1388,6
382,A,152,1432,6
382,A,124,1122,6
382,A,1675,1426,6
382,A,1761,1388,6
383,B,419,246,12
383,B,450,285,12
383,B,743,484,12
383,B,917,563,12
383,B,289,483,12
383,B,249,529,12
383,B,353,603,12
383,B,1504,741,12
383,B,1514,1027,12
383,B,507,1150,12
383,B,1164,993,12
383,B,2036,912,12
383,C,1083,1512,28
383,B,667,1608,12
383,B,512,1828,12
383,B,1355,1611,12
383,B,1384,1637,12
383,A,810,1706,6
383,A,371,1276,6
384,C,2294,208,28
384,C,1281,1126,28
384,C,1503,1718,28
384,B,998,1450,12
384,B,655,1229,12
384,A,540,636,6
384,A,338,764,6
384,A,1805,986,6
384,A,1603,1188,6
384,A,1891,803,6
384,A,2008,618,6
385,B,975,290,12
385,B,1823,1050,12
385,B,1396,1427,12
385,B,1430,1662,12
385,A,1126,1526,6
385,A,1300,1297,6
385,A,965,1386,6
385,A,303,1318,6
385,B,340,1401,12
385,B,356,1345,12
385,A,1266,1098,6
385,A,1164,996,6
385,A,802,905,6
385,A,1794,562,6
385,A,1805,849,6
385,A,1820,775,6
385,A,1919,761,6
385,A,1970,315,6
385,A,2133,224,6
385,A,1909,335,6
385,A,1848,1733,6
385,A,836,1606,6
385,A,1136,1706,6
385,A,983,1466,6
386,B,346,451,12
386,B,1947,692,12
386,C,1304,947,28
386,B,858,1175,12
386,B,1751,1810,12
386,B,830,1280,12
386,A,1157,262,6
386,A,701,134,6
386,A,1236,571,6
386,A,1615,252,6
386,A,349,736,6
386,A,2014,900,6
386,A,1721,1425,6
386,A,502,1581,6
386,A,315,1567,6
386,A,224,1605,6
386,A,1323,1779,6
386,A,409,1216,6
387,B,693,1731,12
387,A,1286,188,6
387,A,711,320,6
387,A,193,886,6
387,A,1962,1197,6
387,A,866,1210,6
387,A,1478,1078,6
387,A,1045,1720,6
387,A,1432,1677,6
388,B,1359,1192,12
388,B,808,1093,12
388,B,408,1017,12
388,B,1463,493,12
388,B,2215,148,12
388,B,703,141,12
388,A,1527,1406,6
388,A,1444,1712,6
388,A,331,1401,6
388,A,827,1130,6
388,A,703,960,6
388,A,1450,701,6
388,A,1442,725,6
388,A,1098,826,6
388,A,1912,599,6
388,A,2207,550,6
389,C,976,1808,28
389,B,1223,509,12
389,A,1771,1042,6
389,A,1623,1045,6
389,A,945,1058,6
389,A,1422,1169,6
389,A,1756,532,6
389,A,1950,264,6
389,A,463,386,6
390,B,1499,195,12
390,A,970,451,6
390,A,157,555,6
390,A,1661,238,6
390,A,1381,1098,6
390,A,1261,1397,6
390,A,593,1297,6
390,A,548,121,6
390,A,1054,1748,6
390,A,799,1172,6
391,B,1875,476,12
392,A,2296,627,6
393,A,1121,814,6
393,A,1871,1591,6
393,A,1983,1593,6
393,B,752,1618,12
394,A,1444,940,6
394,A,800,1428,6
394,A,791,1147,6
394,A,791,1149,6
479,C,554,1200,28
484,B,1163,1030,12
486,A,1734,509,6
486,A,2187,949,6
486,A,1509,1316,6
486,A,1492,1316,6
487,A,830,905,6
487,A,164,1386,6
487,A,695,1637,6
487,B,1240,472,12
488,A,1330,1159,6
490,A,784,359,6
490,A,634,537,6
490,A,1998,483,6
491,B,1065,1687,12
491,A,785,1019,6
566,B,524,567,12
566,A,623,1547,6
566,A,273,1843,6
567,C,1133,259,28
567,C,1505,499,28
567,B,531,278,12
567,B,1731,237,12
567,B,1893,368,12
567,A,1687,327,6
568,C,1842,293,28
568,B,1544,496,12
568,B,1551,564,12
568,B,1036,1142,12
568,A,1354,625,6
568,A,2139,577,6
569,C,752,370,28
569,B,2063,234,12
569,B,1667,378,12
569,B,1837,297,12
569,B,604,1096,12
569,A,341,1542,6
569,A,567,1086,6
570,C,1514,191,28
570,B,1952,230,12
570,B,1816,399,12
570,B,616,404,12
570,B,968,882,12
570,C,305,1203,28
570,A,1529,1130,6
570,A,1301,1217,6
570,C,1072,1651,28
570,A,2177,1649,6
570,B,2216,1499,12
570,B,2284,555,12
570,A,1641,1518,6
571,B,1867,390,12
571,B,762,1559,12
571,B,878,1586,12
571,B,1247,1348,12
571,B,1201,1263,12
571,B,383,1016,12
571,B,55,496,12
571,A,2090,421,6
571,A,944,979,6
571,A,1949,1620,6
572,C,1259,387,28
572,B,1966,336,12
572,B,511,560,12
572,B,1004,875,12
572,B,531,1729,12
572,B,1369,392,12
572,B,521,188,12
572,A,1342,1377,6
572,A,196,1637,6
572,A,560,1001,6
573,C,932,230,28
573,C,2114,967,28
573,B,878,1469,12
573,B,232,1749,12
573,A,922,792,6
573,B,1357,1210,12
574,C,499,261,28
574,B,2168,899,12
574,B,1000,237,12
574,B,1910,234,12
574,A,890,1649,6
574,A,531,1608,6
575,B,684,273,12
575,B,1650,1511,12
575,B,473,1152,12
575,B,621,732,12
575,A,2027,732,6
575,A,895,1067,6
575,A,703,390,6
575,A,2139,831,6
575,A,1969,278,6
575,A,1806,278,6
576,C,1364,314,28
576,C,803,732,28
576,B,237,1067,12
576,B,718,1125,12
576,B,859,1326,12
576,B,1068,1668,12
576,A,2277,1166,6
577,C,1976,263,28
577,C,390,1790,28
577,C,167,1319,28
577,B,1456,567,12
577,B,1077,987,12
577,B,555,1770,12
577,A,315,324,6
578,C,2177,217,28
578,B,1976,1710,12
578,B,995,1581,12
578,B,572,1853,12
578,B,919,1707,12
578,B,1427,649,12
578,B,385,623,12
578,A,1242,766,6
578,A,1264,1285,6
579,C,383,283,28
579,C,562,1467,28
579,B,1250,1799,12
579,B,2282,1319,12
579,B,864,846,12
579,B,844,953,12
579,B,837,1021,12
579,B,1303,276,12
579,A,286,722,6
579,A,487,256,6
579,A,2151,1178,6
579,A,1609,1156,6
580,C,475,205,28
580,C,456,1579,28
580,B,1784,310,12
580,B,1109,615,12
580,B,1893,1377,12
580,B,1155,1229,12
580,B,356,1173,12
580,A,201,1601,6
580,A,1884,1462,6
580,B,565,191,12
581,C,1308,188,28
581,B,1432,470,12
581,B,2270,688,12
581,B,2105,795,12
581,B,2272,1710,12
581,B,1859,1613,12
581,B,888,1814,12
581,A,181,1220,6
581,A,1240,1193,6
581,A,1242,1368,6
581,A,1281,945,6
581,A,429,552,6
581,A,2301,445,6
582,C,434,1778,28
582,B,2248,1397,12
582,B,1709,1033,12
582,B,315,215,12
582,B,1677,215,12
582,A,533,659,6
582,A,983,591,6
583,C,613,1411,28
583,B,604,339,12
583,B,1257,1491,12
583,B,344,1494,12
583,A,2241,232,6
583,A,1160,222,6
584,C,341,217,28
584,B,266,1229,12
584,B,487,1016,12
584,B,762,375,12
584,A,2066,1571,6
584,A,1376,1727,6
584,A,1701,1351,6
585,B,601,1503,12
585,B,1310,999,12
585,B,2192,819,12
585,B,2131,802,12
585,B,2022,288,12
585,C,1488,254,28
585,B,691,273,12
585,B,497,310,12
585,A,630,273,6
586,C,1160,773,28
586,C,1208,1050,28
586,B,538,1700,12
586,B,337,1705,12
586,B,1731,1608,12
586,B,400,1059,12
586,B,1286,421,12
586,B,1395,407,12
586,A,572,567,6
587,D,1835,1115,48
587,C,2116,638,28
587,C,2304,929,28
587,C,1533,1523,28
587,C,177,1117,28
587,B,1116,1622,12
587,B,494,1856,12
587,B,232,1490,12
587,B,1349,803,12
587,B,372,786,12
587,C,2219,1601,28
587,A,1676,1429,6
587,A,768,1618,6
587,A,280,1538,6
587,A,1028,363,6
587,A,1906,608,6
587,A,1923,485,6
587,A,2057,372,6
587,A,311,1312,6
587,A,1770,483,6
588,D,169,445,48
588,D,1837,458,48
588,C,888,460,28
588,C,1533,432,28
588,B,1405,407,12
588,B,2112,730,12
588,B,1192,1482,12
588,B,1269,1595,12
588,C,760,851,28
588,C,301,1172,28
588,B,391,1773,12
588,B,1160,1775,12
588,B,171,1373,12
588,C,1613,370,28
588,B,1749,223,12
588,B,2001,1639,12
588,A,842,481,6
588,A,1711,231,6
588,A,2252,788,6
588,A,2061,744,6
588,A,2099,744,6
589,C,1689,1368,28
589,D,2253,1773,48
589,C,1813,1450,28
589,B,832,1445,12
589,B,2207,1329,12
589,B,1422,387,12
589,B,2175,247,12
589,B,2071,179,12
589,B,2012,159,12
589,B,737,1254,12
589,B,412,1232,12
589,C,103,924,28
589,A,992,217,6
589,A,1111,310,6
589,A,1750,477,6
589,A,769,606,6
589,A,827,610,6
589,A,1446,1028,6
589,A,2083,1176,6
589,A,1007,1792,6
589,A,1687,1724,6
589,A,1150,1659,6
590,C,1332,1245,28
590,B,1825,1722,12
590,B,546,1540,12
590,B,1204,1557,12
590,B,1525,225,12
590,B,760,187,12
590,B,1472,845,12
590,B,693,1232,12
590,A,471,146,6
590,A,1655,120,6
590,C,2107,171,28
590,C,1810,558,28
590,B,2128,604,12
590,A,783,1779,6
590,A,190,1806,6
590,A,1552,1806,6
590,A,1525,1842,6
590,A,1982,1812,6
590,A,2237,1804,6
590,A,1529,1260,6
590,A,416,581,6
590,A,416,587,6
590,A,320,937,6
590,A,1430,638,6
590,A,1749,453,6
590,A,1519,414,6
590,A,1535,386,6
590,A,1454,397,6
590,B,1531,634,12
590,B,1571,625,12
591,C,412,1783,28
591,C,305,1781,28
591,C,183,606,28
591,B,2074,872,12
591,B,2032,453,12
591,B,1097,755,12
591,B,791,1002,12
591,B,1686,290,12
591,B,2061,252,12
591,B,1854,1720,12
591,B,1531,1630,12
591,B,1563,1417,12
591,B,1405,1427,12
591,C,760,1289,28
591,B,871,715,12
591,B,397,1685,12
591,B,383,1480,12
591,A,948,1741,6
591,A,1852,1835,6
591,A,2294,1632,6
591,A,647,535,6
591,A,1009,487,6
591,A,1667,690,6
591,A,1667,564,6
591,A,716,952,6
591,A,1954,353,6
591,A,1734,395,6
591,A,2304,1109,6
592,C,806,1500,28
592,B,1690,1406,12
592,B,1816,1436,12
592,B,1378,1762,12
592,B,1514,1697,12
592,B,743,141,12
592,B,1908,326,12
592,B,2219,466,12
592,B,2137,835,12
592,B,192,933,12
592,A,1070,418,6
592,A,1202,363,6
592,A,934,405,6
592,A,1674,518,6
592,A,1294,667,6
592,A,1774,724,6
592,A,605,562,6
592,A,527,797,6
592,A,978,715,6
592,A,871,738,6
592,A,1730,1211,6
592,A,1548,832,6
593,C,200,1875,28
593,B,1512,208,12
593,B,1158,458,12
593,B,209,1063,12
593,C,219,1643,28
593,C,1122,1092,28
593,B,2133,1203,12
593,B,2296,1658,12
593,B,496,403,12
593,B,1028,1161,12
593,B,135,1739,12
593,A,206,313,6
593,A,215,326,6
593,A,251,342,6
593,A,255,355,6
593,A,462,347,6
593,A,992,502,6
593,A,584,173,6
593,A,1495,416,6
593,A,1611,740,6
593,A,1848,730,6
593,A,2202,512,6
593,A,2221,464,6
593,A,2198,321,6
593,A,2003,169,6
593,A,1778,208,6
593,A,2105,960,6
593,A,460,1356,6
594,D,1301,1880,48
594,C,1101,267,28
594,C,997,952,28
594,C,309,1400,28
594,C,2032,1835,28
594,B,454,374,12
594,B,2051,257,12
594,B,2013,139,12
594,B,466,1054,12
594,B,131,1371,12
594,B,1825,1381,12
594,B,1852,1637,12
594,B,2206,1842,12
594,B,2099,1557,12
594,B,253,1253,12
594,B,303,701,12
594,B,1841,705,12
594,A,701,1586,6
594,A,624,1454,6
594,A,1248,315,6
594,A,1523,388,6
594,A,1219,238,6
594,A,326,466,6
594,A,642,845,6
594,A,665,937,6
595,D,1885,644,48
595,C,447,870,28
595,B,782,130,12
595,B,1671,787,12
595,B,766,1640,12
595,B,760,1634,12
595,A,305,1655,6
595,A,1302,1789,6
595,A,1586,1555,6
595,A,1505,1196,6
595,A,803,1076,6
595,B,353,1424,12
595,A,87,500,6
595,A,154,500,6
596,C,173,259,28
596,C,211,1072,28
596,B,1415,469,12
596,B,1855,446,12
596,A,583,147,6
596,A,657,223,6
596,A,1409,590,6
596,A,2266,430,6
596,A,2213,690,6
596,A,1939,242,6
596,A,101,774,6
596,B,201,700,12
596,A,1399,1256,6
596,A,1256,1545,6
597,B,502,1205,12
597,B,310,1181,12
597,B,283,1457,12
597,B,1393,1622,12
597,B,1871,1557,12
597,B,907,1067,12
597,B,1106,805,12
597,B,2102,365,12
597,A,2287,1501,6
1000,B,2288,1151,12
1000,B,1537,1100,12
1000,B,1873,1551,12
1000,A,1598,1278,6
1000,A,1565,1802,6
1000,A,2019,1777,6
1001,B,2135,1288,12
1001,A,1536,161,6
1001,A,1103,443,6
1001,A,1640,760,6
1001,A,923,830,6
1001,A,884,815,6
1001,A,161,148,6
1001,A,2274,1839,6
1001,A,2045,1867,6
1001,A,2027,1093,6
1001,A,1726,1498,6
1002,B,1575,1813,12
1002,B,1874,1811,12
1002,B,1951,1806,12
1002,B,2309,284,12
1002,A,2274,1296,6
1002,A,2095,1237,6
1002,A,2075,1592,6
1002,A,150,1459,6
1002,A,1162,1640,6
1002,A,1282,1539,6
1002,A,653,1717,6
1002,A,1264,1469,6
1003,C,2261,1592,28
1003,A,2163,1747,6
1003,A,1787,568,6
1003,A,753,714,6
1003,A,1761,866,6
1004,C,1413,1625,28
1004,B,1914,1704,12
1004,B,2226,1824,12
1004,B,1763,1522,12
1004,B,1339,1839,12
1004,A,410,1798,6
1004,A,589,1811,6
1004,A,913,1844,6
1004,A,1564,1846,6
1005,B,2255,1146,12
1005,A,2139,1662,6
1005,A,1964,1572,6
1005,A,2248,1813,6
1005,A,1942,1069,6
1006,A,1781,1253,6
1006,B,2110,1674,12
1006,A,2319,581,6
1006,A,2233,1825,6
1006,A,1963,1771,6
1007,B,2029,1771,12
1007,B,2287,1745,12
1007,B,1098,1697,12
1007,A,2124,1784,6
1007,A,1636,1806,6
1007,A,1232,1518,6
1007,A,889,1839,6
1007,A,705,1800,6
1007,A,441,1447,6
1007,A,1577,1316,6
1009,D,596,391,48
1009,D,718,196,48
1009,D,1984,261,48
1009,C,1198,288,28
1009,C,1020,996,28
1009,C,521,753,28
1009,B,1994,1754,12
1009,B,1489,1706,12
1009,B,318,1567,12
1009,B,433,652,12
1010,C,377,351,28
1010,C,368,566,28
1010,C,770,857,28
1010,C,75,769,28
1010,C,121,955,28
1010,C,401,1760,28
1010,C,1096,1108,28
1010,B,657,1353,12
1010,B,257,323,12
1012,C,460,214,28
1012,C,552,239,28
1012,C,700,481,28
1012,C,1879,241,28
1012,C,1629,379,28
1012,C,1781,191,28
1012,B,211,766,12
1012,B,279,886,12
1012,B,639,664,12
1012,B,1003,736,12
1012,B,2182,789,12
1012,B,2113,1210,12
1012,B,1037,414,12
1012,B,2315,297,12
1012,B,116,557,12
1012,B,1136,191,12
1012,A,1299,409,6
1012,A,1256,417,6
1012,A,1123,522,6
1012,A,1011,558,6
1012,A,1029,591,6
1012,A,2240,613,6
1013,C,779,481,28
1013,C,247,1226,28
1013,B,1221,1017,12
1013,B,1641,1072,12
1013,B,1429,1521,12
1013,A,624,1216,6
1014,C,136,196,28
1014,C,236,1032,28
1014,B,1093,473,12
1014,B,412,254,12
1014,B,878,891,12
1014,B,1004,1229,12
1014,B,1160,1866,12
1014,B,435,1623,12
1014,B,298,1545,12
1014,B,789,1685,12
1014,A,369,289,6
1014,A,1049,1016,6
1014,A,1179,1595,6
1014,A,1384,1848,6
1014,A,1851,1703,6
1015,C,2111,1141,28
1015,C,1527,1499,28
1015,C,233,1843,28
1015,C,2102,1647,28
1015,B,1638,1799,12
1015,B,1749,1813,12
1015,B,1901,1818,12
1015,B,2072,1836,12
1015,B,2269,1670,12
1015,B,938,1667,12
1015,B,2281,1099,12
1015,A,654,1065,6
1015,A,1534,994,6
1015,B,1863,1373,12
1016,C,1612,691,28
1016,C,1411,859,28
1016,B,1424,914,12
1016,B,788,959,12
1016,B,1516,1629,12
1016,B,2003,268,12
1016,B,1723,231,12
1016,B,911,178,12
1016,A,1964,655,6
1016,A,1839,1448,6
1016,A,283,1078,6
1017,C,360,188,28
1017,B,1113,987,12
1017,B,817,859,12
1017,B,2085,681,12
1017,A,217,355,6
1017,A,5,428,6
1017,A,1060,384,6
1017,A,2193,1218,6
1018,C,519,143,28
1018,C,222,417,28
1018,C,1962,684,28
1018,C,2252,623,28
1018,B,311,1774,12
1018,B,2016,1362,12
1018,B,1208,795,12
1018,B,788,249,12
1018,B,1818,268,12
1019,C,139,1040,28
1019,C,1169,1147,28
1019,C,1764,955,28
1019,B,1220,129,12
1019,B,1577,512,12
1019,B,1228,1057,12
1019,B,1424,1799,12
1019,B,2041,1856,12
1019,B,2118,1851,12
1019,B,2294,1657,12
1019,B,1751,1825,12
1019,B,889,1797,12
1019,B,757,1756,12
1019,A,168,882,6
1019,A,468,940,6
1020,C,307,1058,28
1020,C,311,938,28
1020,C,1671,1557,28
1020,B,2145,1421,12
1020,B,2215,1196,12
1020,B,458,1649,12
1020,B,970,336,12
1020,B,687,406,12
1020,B,349,388,12
1020,B,626,791,12
1020,B,899,750,12
1020,B,1457,132,12
1021,B,2331,1793,12
1021,B,817,1695,12
1021,B,741,1629,12
1021,B,935,713,12
1021,A,2210,1187,6
1021,A,2167,1700,6
1021,A,2097,1688,6
1021,A,2093,1573,6
1021,A,1939,1616,6
1021,A,1840,1828,6
1021,A,1715,1841,6
1021,A,1368,1789,6
1021,A,1430,1688,6
1021,A,1249,1493,6
1021,A,1095,1680,6
1021,A,417,1846,6
1022,A,259,305,6
1022,B,2202,1820,12
1022,A,1923,1192,6
1022,A,1719,1669,6
1022,A,1903,1774,6
1022,A,1516,1883,6
1022,A,1365,1452,6
1023,B,1745,1408,12
1023,A,1345,231,6
1023,A,876,220,6
1023,A,469,1052,6
1023,A,1575,1367,6
1023,A,1168,1795,6
1023,A,1997,1765,6
1023,A,2086,1811,6
1023,A,2259,1494,6
1024,C,2167,1472,28
1024,B,950,1603,12
1024,B,823,1741,12
1024,A,2115,1598,6
1024,A,288,947,6
1025,B,2200,1712,12
1025,B,1741,1675,12
1025,B,1055,1596,12
1025,A,2285,1458,6
1025,B,1964,1782,12
1025,A,1684,1813,6
1025,A,1463,1655,6
1025,A,1359,1780,6
1025,A,749,1732,6
1025,A,550,1684,6
1025,A,779,1710,6
1026,B,1444,1671,12
1026,B,2062,1647,12
1026,B,2331,1747,12
1026,B,1107,1745,12
1026,A,2093,1517,6
1026,A,2040,1209,6
1026,A,2154,1756,6
1026,A,1605,1697,6
1026,A,1571,1682,6
1026,A,1243,1774,6
1026,A,959,1380,6
1027,B,1243,1798,12
1027,A,1658,1798,6
1027,A,1783,1839,6
1027,A,2023,1680,6
1027,A,2021,1784,6
1027,A,2158,1848,6
1027,A,987,1802,6
1027,A,1024,1388,6
1027,A,1689,911,6
1027,A,1907,1065,6
1027,A,2034,1065,6
1027,A,2194,1019,6
1028,C,2073,1552,28
1028,B,2211,1688,12
1028,B,1852,1721,12
1028,B,1256,1450,12
1028,B,1017,1789,12
1028,A,2023,1776,6
1028,A,513,623,6
1028,A,946,491,6
1028,A,1295,935,6
1028,A,2104,1056,6
1028,A,2237,1187,6
1028,B,1493,1731,12
1029,B,1852,1767,12
1029,B,1007,1793,12
1029,A,2290,1797,6
1029,A,2172,1778,6
1029,A,2132,1721,6
1029,A,1354,1843,6
1029,A,1249,1727,6
1029,A,865,1763,6
1029,A,663,1750,6
1029,A,692,1509,6
1029,A,2241,286,6
1029,A,1101,1150,6
1030,B,1818,1809,12
1030,B,1031,1760,12
1030,B,1063,1537,12
1030,A,2086,1787,6
1030,A,1957,1800,6
1031,B,2005,1789,12
1031,B,1852,1767,12
1031,A,2279,1865,6
1031,A,1676,1769,6
1031,A,1522,1841,6
1031,A,764,1649,6
1031,A,1171,1760,6
1031,A,1829,1220,6
1032,B,2228,1728,12
1032,A,2307,936,6
1032,A,2030,1874,6
1032,A,1088,1115,6
1033,B,2255,1124,12
1033,A,2088,1119,6
1034,B,2296,286,12
1034,B,854,981,12
1034,B,1367,336,12
1034,B,2312,517,12
1034,B,1249,1058,12
1034,C,145,1576,28
1034,C,489,1752,28
1034,C,327,1828,28
1034,B,1588,1627,12
1034,B,1536,1518,12
1034,B,1839,1402,12
1034,A,2014,1137,6
1034,A,1315,1183,6
1034,A,924,1104,6
1034,A,1612,1273,6
1034,A,1369,629,6
1034,A,1999,1664,6
1034,A,1457,1666,6
1034,A,1470,1579,6
1034,B,473,1553,12
1034,C,1216,1110,28
1035,D,1833,342,48
1035,D,720,445,48
1035,D,283,310,48
1035,D,408,423,48
1035,D,482,824,48
1035,D,371,809,48
1035,D,1018,831,48
1035,D,2266,1038,48
1035,D,1820,964,48
1035,D,224,1017,48
1035,D,720,868,48
1035,D,2097,1463,48
1035,D,1035,1767,48
1035,D,1464,1767,48
1035,C,1247,1819,28
1035,C,723,1447,28
1035,C,327,1537,28
1035,C,231,1423,28
1035,C,233,1283,28
1035,C,2099,863,28
1035,C,2150,808,28
1035,D,1105,266,48
1035,C,1632,220,28
1035,C,1334,406,28
1035,C,1317,480,28
1035,C,1068,408,28
1035,C,2154,272,28
1035,B,1861,220,12
1035,B,1970,655,12
1035,B,1369,168,12
1035,C,2298,776,28
1035,B,2241,885,12
1035,B,694,1087,12
1035,B,1168,905,12
1035,B,1020,898,12
1035,B,1800,1384,12
1035,A,1820,1273,6
1035,A,1354,1211,6
1035,A,1990,1196,6
1035,A,2141,1036,6
1035,B,1767,712,12
1035,B,1813,163,12
1036,D,302,249,48
1036,D,392,409,48
1036,D,1267,163,48
1036,D,103,659,48
1036,D,512,974,48
1036,D,2008,1670,48
1036,D,1907,1762,48
1036,D,1761,1644,48
1036,D,2231,1665,48
1036,D,1587,1748,48
1036,D,1274,1700,48
1036,D,1147,1452,48
1036,D,458,1790,48
1036,C,2212,1440,28
1036,C,1343,1534,28
1036,C,738,1514,28
1036,C,771,1766,28
1036,C,101,1354,28
1036,C,211,1471,28
1036,C,351,1346,28
1036,C,544,1361,28
1036,C,1300,907,28
1036,C,836,787,28
1036,C,185,1021,28
1036,C,623,1035,28
1036,C,368,634,28
1036,B,264,310,12
1036,B,1514,534,12
1036,B,1111,1545,12
1036,B,1131,1593,12
1036,B,1537,1674,12
1036,B,1618,1608,12
1036,A,1850,1111,6
1036,A,1478,1591,6
1036,A,1907,1527,6
1036,C,215,1542,28
1036,A,1568,241,6
1036,A,2271,139,6
1037,D,455,303,48
1037,D,639,604,48
1037,D,965,1006,48
1037,D,428,1075,48
1037,D,226,1040,48
1037,D,1708,1376,48
1037,D,2225,1616,48
1037,D,2149,1688,48
1037,D,1827,1702,48
1037,D,1483,1537,48
1037,D,1156,1670,48
1037,D,412,1557,48
1037,D,213,1655,48
1037,C,876,1695,28
1037,C,970,1741,28
1037,C,642,1623,28
1037,C,2246,1303,28
1037,C,1328,1419,28
1037,C,1328,1323,28
1037,C,2319,843,28
1037,C,471,882,28
1037,C,307,948,28
1037,C,251,486,28
1037,C,210,548,28
1037,B,147,567,12
1037,B,2329,586,12
1037,B,1136,331,12
1037,B,743,928,12
1037,B,2156,1223,12
1037,B,1957,1280,12
1037,B,1749,1871,12
1037,B,514,1364,12
1037,A,626,1274,6
1037,A,1310,1611,6
1037,A,1947,986,6
1037,A,1815,1280,6
1037,A,1522,1243,6
1037,A,938,1683,6
1037,A,116,257,6
1038,D,581,468,48
1038,D,188,945,48
1038,D,384,945,48
1038,D,1652,976,48
1038,D,1898,810,48
1038,D,461,1226,48
1038,D,404,1414,48
1038,D,274,1345,48
1038,C,2179,1279,28
1038,C,1588,1257,28
1038,C,1220,1391,28
1038,C,2046,1746,28
1038,C,364,1236,28
1038,C,670,583,28
1038,C,1101,247,28
1038,C,560,261,28
1038,C,2213,328,28
1038,C,845,680,28
1038,C,762,1563,28
1038,B,1896,1333,12
1038,B,1205,1797,12
1038,B,2269,764,12
1038,B,1085,517,12
1038,B,371,571,12
1038,B,2042,854,12
1038,B,861,731,12
1038,A,2149,208,6
1038,A,1565,321,6
1038,A,1351,282,6
1038,A,1197,298,6
1038,A,1731,1453,6
1039,D,2016,338,48
1039,D,937,758,48
1039,D,1951,1097,48
1039,D,565,1065,48
1039,D,202,986,48
1039,D,445,1765,48
1039,D,1951,1699,48
1039,D,1599,336,48
1039,D,1190,227,48
1039,D,222,677,48
1039,C,554,342,28
1039,C,2213,301,28
1039,C,170,163,28
1039,C,1594,957,28
1039,C,1699,940,28
1039,D,347,1146,48
1039,D,2088,599,48
1039,C,1299,371,28
1039,C,2097,1185,28
1039,C,2180,1320,28
1039,C,2158,1410,28
1039,C,1457,1513,28
1039,C,668,1725,28
1039,B,1850,1515,12
1039,B,2161,1669,12
1039,B,1747,719,12
1039,A,1837,119,6
1039,A,1981,132,6
1039,A,1404,699,6
1039,A,2217,1001,6
1039,A,2266,1036,6
1039,A,1356,1695,6
1039,A,753,1533,6
1039,A,810,1410,6
1039,A,1256,1697,6
1039,A,618,738,6
1039,A,1612,482,6
1039,B,1796,1084,12
1039,B,2075,970,12
1039,B,2032,977,12
1040,D,1394,430,48
1040,D,1144,515,48
1040,D,569,540,48
1040,D,605,701,48
1040,D,1059,723,48
1040,D,1614,601,48
1040,D,2248,1025,48
1040,D,421,1034,48
1040,D,1175,1288,48
1040,D,303,1250,48
1040,D,1081,1430,48
1040,D,1094,1622,48
1040,D,1988,1701,48
1040,D,1896,1585,48
1040,C,1774,329,28
1040,C,2215,375,28
1040,C,1796,489,28
1040,C,1020,992,28
1040,C,1442,815,28
1040,C,889,970,28
1040,C,790,1410,28
1040,C,803,1156,28
1040,C,1791,1329,28
1040,D,1959,1504,48
1040,C,1356,1587,28
1040,C,1418,885,28
1040,C,1522,655,28
1040,A,224,994,6
1040,A,130,1458,6
1040,A,456,1734,6
1040,A,2150,1233,6
1040,A,821,535,6
1040,A,1358,310,6
1040,A,248,146,6
1040,A,777,1787,6
1041,D,149,616,48
1041,D,261,718,48
1041,D,631,690,48
1041,D,1463,241,48
1041,D,1820,550,48
1041,D,1590,670,48
1041,D,126,910,48
1041,D,1471,367,48
1041,D,1083,244,48
1041,D,1249,655,48
1041,C,757,1109,28
1041,C,938,733,28
1041,C,1516,455,28
1041,B,1307,1340,12
1041,B,2159,866,12
1041,C,2200,307,28
1042,D,244,279,48
1042,D,649,280,48
1042,D,960,190,48
1042,D,1180,336,48
1042,D,741,672,48
1042,D,1631,180,48
1042,D,2128,497,48
1042,D,1758,285,48
1042,D,519,976,48
1042,D,762,1060,48
1042,D,1407,1114,48
1042,D,1573,930,48
1042,D,688,1483,48
1042,D,190,772,48
1042,D,874,825,48
1042,D,1228,692,48
1042,D,2023,858,48
1042,C,2194,1058,28
1042,C,752,826,28
1042,C,167,1067,28
1042,C,1284,376,28
1042,D,463,297,48
1042,D,2180,242,48
1042,B,136,1335,12
1042,B,1906,947,12
1042,B,1134,927,12
1042,C,1116,764,28
1042,C,1381,596,28
1042,C,1040,861,28
1042,C,292,669,28
1042,C,236,1848,28
1042,B,66,1307,12
1043,D,563,1005,48
1043,D,272,905,48
1043,D,657,599,48
1043,D,699,518,48
1043,D,535,441,48
1043,D,1179,769,48
1043,D,1662,669,48
1043,D,2045,697,48
1043,D,880,270,48
1043,D,1372,257,48
1043,D,1951,248,48
1043,D,1135,1286,48
1043,C,742,1417,28
1043,C,1256,1704,28
1043,C,1085,1642,28
1043,C,2159,299,28
1043,C,381,288,28
1043,C,311,194,28
1043,C,764,708,28
1043,C,827,874,28
1043,C,723,1036,28
1043,B,1170,1502,12
1043,B,921,1507,12
1043,B,1787,1060,12
1044,D,159,367,48
1044,D,435,280,48
1044,D,239,585,48
1044,D,776,507,48
1044,D,815,395,48
1044,D,435,618,48
1044,D,1348,359,48
1044,D,1596,328,48
1044,D,1738,252,48
1044,D,1894,159,48
1044,D,2039,303,48
1044,D,2072,677,48
1044,D,2299,823,48
1044,D,1254,871,48
1044,D,654,943,48
1044,D,1047,1407,48
1044,D,598,1792,48
1044,C,1733,1447,28
1044,B,817,1101,12
1044,B,387,1144,12
1044,B,1832,841,12
1044,B,2259,1611,12
1044,B,1241,425,12
1044,C,2217,481,28
1045,D,198,200,48
1045,D,479,516,48
1045,D,1082,168,48
1045,D,1052,483,48
1045,D,1164,251,48
1045,D,1262,522,48
1045,D,1392,330,48
1045,D,1666,249,48
1045,D,2121,160,48
1045,D,1827,257,48
1045,D,845,805,48
1045,D,1504,1090,48
1045,D,2126,1198,48
1045,C,609,1652,28
1045,C,1921,1466,28
1045,C,956,1096,28
1045,C,2324,277,28
1045,C,662,410,28
1045,B,507,843,12
1045,B,321,710,12
1045,B,1702,782,12
1045,B,1190,1223,12
1045,B,2105,1468,12
1045,B,1271,775,12
1045,B,2090,308,12
1046,D,410,170,48
1046,D,678,172,48
1046,D,670,270,48
1046,D,858,634,48
1046,D,1215,323,48
1046,D,1152,637,48
1046,D,1050,159,48
1046,D,1730,157,48
1046,D,1958,167,48
1046,D,1397,344,48
1046,D,479,534,48
1046,D,2113,504,48
1046,D,2013,743,48
1046,D,1968,914,48
1046,D,1860,1142,48
1046,C,1254,695,28
1046,C,1279,974,28
1046,C,1578,484,28
1046,C,2074,843,28
1046,C,210,354,28
1046,C,63,446,28
1046,B,1636,1350,12
1046,B,1797,1841,12
1046,B,167,1124,12
1047,D,1911,211,48
1047,D,2289,295,48
1047,D,2269,558,48
1047,D,2111,545,48
1047,D,1720,557,48
1047,D,2013,864,48
1047,D,1361,979,48
1047,D,1613,1001,48
1047,D,1710,1034,48
1047,D,1837,1009,48
1047,D,2297,1022,48
1047,D,2148,1132,48
1047,D,1886,1466,48
1047,D,1294,1386,48
1047,D,1124,1424,48
1047,D,1738,1586,48
1047,D,1649,1621,48
1047,D,1547,1756,48
1047,D,1453,1787,48
1047,D,2059,1733,48
1047,D,1914,1682,48
1047,D,2292,1813,48
1047,D,1282,1781,48
1047,D,1116,1766,48
1047,D,940,1777,48
1047,D,845,1642,48
1047,B,238,514,12
1047,B,62,315,12
1048,D,1691,246,48
1048,D,1374,257,48
1048,D,1217,491,48
1048,D,817,319,48
1048,D,935,809,48
1048,D,594,831,48
1048,D,1297,1016,48
1048,C,1004,1443,28
1048,C,897,1423,28
1048,C,1098,1703,28
1048,C,1280,1848,28
1048,C,1914,1743,28
1048,C,401,809,28
1048,C,838,1141,28
1048,C,2340,601,28
1048,C,1979,883,28
1048,D,2112,198,48
1048,B,699,1568,12
1048,B,205,1017,12
1048,B,334,855,12
1048,B,2134,441,12
1049,C,2150,907,28
1049,C,2301,1769,28
1049,C,2145,1699,28
1049,C,1879,1771,28
1049,C,1710,1817,28
1049,C,1361,1640,28
1049,C,1223,1671,28
1049,C,1055,1826,28
1049,C,1479,1253,28
1049,C,1641,1220,28
1049,C,1748,1292,28
1049,C,1828,1332,28
1049,C,2257,1347,28
1049,B,819,1134,12
1049,B,2281,1089,12
1049,B,1988,1152,12
1049,B,2019,1693,12
1049,B,1605,1813,12
1049,B,1455,1623,12
1049,B,1439,233,12
1049,B,1971,279,12
1049,B,1466,780,12
1049,A,926,139,6
1049,A,318,1194,6
1049,A,1982,900,6
1050,D,1035,247,48
1050,D,486,367,48
1050,D,246,527,48
1050,D,1746,585,48
1050,D,1424,471,48
1050,D,1912,341,48
1050,D,1119,787,48
1050,D,298,754,48
1050,D,729,956,48
1050,D,1570,1215,48
1050,D,1621,767,48
1050,C,1256,591,28
1050,C,2036,687,28
1050,C,1937,507,28
1050,C,2240,718,28
1050,C,621,894,28
1050,C,1082,1279,28
1050,C,887,1562,28
1050,C,2327,1713,28
1050,B,2233,909,12
1050,B,1202,611,12
1050,B,1147,642,12
1050,B,1351,1338,12
1050,B,721,1376,12
1050,B,1207,1601,12
1050,B,1669,1139,12
1050,B,1906,1290,12
1050,B,660,1111,12
1051,A,2304,1297,6
1051,A,2266,1264,6
1051,A,377,1182,6
1051,C,1040,302,28
1051,C,234,336,28
1051,C,874,1514,28
1051,C,998,1802,28
1051,C,1809,1822,28
1051,C,1712,989,28
1051,C,1256,1438,28
1051,D,1422,1282,48
1051,D,1980,1517,48
1051,D,1715,1201,48
1051,D,836,1111,48
1051,D,991,1085,48
1051,D,925,1336,48
1051,D,659,1657,48
1051,D,131,1364,48
1051,D,468,1326,48
1051,D,529,1159,48
1052,D,660,1766,48
1052,D,1128,1606,48
1052,D,1026,1517,48
1052,D,968,1359,48
1052,D,545,1394,48
1052,D,1328,1562,48
1052,D,1491,1642,48
1052,D,2041,1677,48
1052,D,2230,1506,48
1052,D,2276,1310,48
1052,D,162,845,48
1052,D,1554,1157,48
1052,D,1305,1178,48
1052,D,922,1065,48
1052,C,629,1280,28
1052,C,720,1254,28
1052,C,1223,1211,28
1052,C,1564,1437,28
1052,C,2301,1782,28
1052,C,2148,1808,28
1052,C,2023,1215,28
1052,C,1909,999,28
1052,C,1958,744,28
1052,C,688,284,28
1052,B,249,840,12
1052,C,1309,955,28
1052,C,1095,1030,28
1053,D,1177,343,48
1053,D,1240,900,48
1053,D,406,1056,48
1053,D,185,1251,48
1053,D,546,1189,48
1053,D,825,1496,48
1053,D,847,1345,48
1053,D,1103,1528,48
1053,D,1441,1320,48
1053,D,1595,1373,48
1053,D,1973,1428,48
1053,C,1022,1557,28
1053,C,974,1500,28
1053,C,2056,918,28
1053,C,888,734,28
1053,C,604,973,28
1053,C,2276,1765,28
1053,C,552,622,28
1053,B,491,723,12
1053,B,585,784,12
1053,B,1490,1097,12
1053,B,1422,861,12
1053,B,1359,1222,12
1054,D,1086,242,48
1054,D,914,272,48
1054,D,499,502,48
1054,D,1346,545,48
1054,D,1670,599,48
1054,D,1935,713,48
1054,D,1355,787,48
1054,D,1656,968,48
1054,D,2118,968,48
1054,D,236,868,48
1054,D,2080,1310,48
1054,C,1188,1430,28
1054,C,845,1738,28
1054,C,787,1554,28
1054,C,1680,823,28
1054,C,1817,881,28
1054,C,402,1287,28
1054,C,1019,1180,28
1054,B,1044,1547,12
1054,B,1062,1422,12
1054,B,2026,1741,12
1054,B,1807,1688,12
1054,B,1266,912,12
1054,B,718,367,12
1054,C,675,441,28
1054,B,256,545,12
1054,B,374,386,12
1054,C,2016,461,28
1054,B,1091,478,12
1054,A,535,1073,6
1054,A,419,1001,6
1054,A,254,1498,6
1054,A,568,1493,6
1054,B,1995,1631,12
1055,D,1100,425,48
1055,D,1845,157,48
1055,D,1333,752,48
1055,D,616,1641,48
1055,C,1065,1471,28
1055,C,1070,1647,28
1055,C,1040,1739,28
1055,C,891,1628,28
1055,C,1409,1677,28
1055,C,1588,1512,28
1055,C,988,1201,28
1055,C,407,1534,28
1055,C,827,1035,28
1055,C,856,491,28
1055,C,1921,588,28
1055,C,2044,871,28
1055,C,1703,1103,28
1055,C,1126,1251,28
1055,B,2286,489,12
1055,B,905,752,12
1055,B,1095,678,12
1055,B,1289,525,12
1055,B,904,899,12
1055,B,989,1580,12
1055,B,1134,1608,12
1055,A,1797,868,6
1055,B,1350,543,12
1055,B,1397,501,12
1055,B,927,451,12
1056,D,1462,808,48
1056,D,789,1075,48
1056,D,333,968,48
1056,D,144,1435,48
1056,D,269,851,48
1056,D,525,1626,48
1056,D,925,1743,48
1056,D,251,1702,48
1056,D,1902,1692,48
1056,C,1730,257,28
1056,C,305,683,28
1056,C,1262,812,28
1056,C,414,1032,28
1056,C,1605,1496,28
1056,B,1174,392,12
1056,B,127,1037,12
1056,B,1838,292,12
1056,B,1967,400,12
1056,A,1253,1624,6
1056,C,488,1111,28
1056,A,1577,994,6
1056,A,1700,805,6
1057,D,137,507,48
1057,D,226,351,48
1057,D,841,417,48
1057,D,2093,469,48
1057,D,1646,548,48
1057,D,1440,474,48
1057,D,387,789,48
1057,D,999,993,48
1057,D,282,950,48
1057,D,106,1002,48
1057,D,1281,1590,48
1057,D,203,1542,48
1057,C,614,1644,28
1057,C,450,1493,28
1057,C,703,1341,28
1057,B,1003,1290,12
1057,B,2309,1401,12
1057,B,2057,1037,12
1057,B,1717,716,12
1057,B,1855,854,12
1057,B,1427,608,12
1057,B,1623,432,12
1058,D,495,382,48
1058,D,1627,314,48
1058,D,1113,672,48
1058,D,1756,560,48
1058,D,623,838,48
1058,D,415,734,48
1058,D,344,672,48
1058,D,953,802,48
1058,D,969,586,48
1058,D,1129,1203,48
1058,D,85,1067,48
1058,D,249,1325,48
1058,D,959,1371,48
1058,D,2059,1457,48
1058,D,914,1771,48
1058,C,1290,1394,28
1058,D,1331,1328,48
1058,C,517,1512,28
1058,C,1504,1178,28
1058,C,2090,1239,28
1058,B,1636,1024,12
1058,B,1575,1058,12
1058,B,817,1098,12
1058,A,965,1049,6
1058,B,451,1361,12
1058,C,1196,694,28
1058,C,1172,606,28
1058,C,1309,404,28
1058,B,121,436,12
1058,B,718,382,12
1058,B,2123,890,12
1058,B,737,253,12
1058,B,1961,232,12
1058,B,1256,149,12
1058,A,1771,158,6
1058,A,1478,159,6
1058,A,1888,581,6
1058,A,498,110,6
1058,A,299,263,6
1058,A,271,321,6
1058,A,1257,854,6
1058,A,142,868,6
1058,B,235,770,12
1059,D,52,492,48
1059,D,198,237,48
1059,D,504,234,48
1059,D,691,230,48
1059,D,604,200,48
1059,D,881,428,48
1059,D,1119,526,48
1059,D,1349,509,48
1059,D,2148,382,48
1059,D,315,870,48
1059,D,162,870,48
1059,D,1383,771,48
1059,D,332,591,48
1059,D,980,222,48
1059,D,1187,208,48
1059,D,779,297,48
1059,C,1612,137,28
1059,C,1704,188,28
1059,C,1769,140,28
1059,C,2015,659,28
1059,C,2214,555,28
1059,C,589,688,28
1059,C,613,1035,28
1059,A,385,1142,6
1060,D,322,252,48
1060,D,538,200,48
1060,D,800,271,48
1060,D,881,393,48
1060,D,1164,326,48
1060,D,1508,386,48
1060,D,1380,202,48
1060,D,1843,248,48
1060,D,2154,309,48
1060,D,2126,669,48
1060,D,1651,307,48
1060,D,1294,874,48
1060,D,951,780,48
1060,D,412,818,48
1060,D,387,1067,48
1060,C,1772,621,28
1060,C,720,843,28
1060,C,347,661,28
1060,C,567,1090,28
1060,C,186,416,28
1060,C,1548,843,28
1060,B,137,950,12
1060,A,795,1335,6
1060,A,557,1268,6
1060,A,1659,1482,6
1060,A,1083,1475,6
1060,A,452,1668,6
1061,C,1277,1445,28
1061,C,889,1440,28
1061,C,784,1605,28
1061,C,914,1726,28
1061,C,272,1641,28
1061,C,1216,1710,28
1061,C,1807,1718,28
1061,C,1838,1774,28
1061,C,1601,1361,28
1061,C,1919,1461,28
1061,C,1847,1386,28
1061,C,1131,1284,28
1061,C,593,524,28
1061,C,419,608,28
1061,C,1656,382,28
1061,C,1077,216,28
1061,B,937,1170,12
1061,B,1144,1364,12
1063,C,2288,1752,28
1063,C,2169,1728,28
1063,C,1953,1800,28
1063,C,2163,1299,28
1063,B,2217,1297,12
1063,B,2277,1301,12
1063,B,2095,1135,12
1063,B,2051,1773,12
1063,B,1839,1559,12
1063,B,1723,1752,12
1063,B,1494,1616,12
1063,B,1369,1739,12
1063,B,1300,1795,12
1063,B,1688,1323,12
1063,B,1605,1128,12
1063,A,1968,995,6
1063,A,1831,1308,6
1063,A,1422,1535,6
1063,A,1315,1320,6
1063,A,1551,1780,6
1064,B,633,226,12
1064,B,718,296,12
1064,B,840,297,12
1064,B,311,211,12
1064,B,207,367,12
1064,B,123,820,12
1064,B,629,730,12
1064,B,729,795,12
1064,B,950,640,12
1064,B,1063,822,12
1064,B,838,933,12
1064,B,1387,599,12
1064,B,1295,437,12
1064,B,1424,226,12
1064,B,1630,334,12
1064,B,1807,273,12
1064,B,1901,284,12
1064,B,1942,774,12
1064,B,1800,684,12
1064,A,1571,824,6
1064,A,2121,284,6
1064,A,217,231,6
1064,A,393,870,6
1064,A,471,922,6
1064,A,311,1266,6
1064,A,250,1345,6
1064,A,1099,714,6
1065,C,2287,1710,28
1065,C,2241,1496,28
1065,C,1831,1320,28
1065,B,2097,1087,12
1065,B,2045,992,12
1065,B,2266,1113,12
1065,B,2047,1507,12
1065,B,2194,1809,12
1065,B,2073,1771,12
1065,B,1986,1771,12
1065,B,1852,1752,12
1065,B,1741,1749,12
1065,B,1549,1822,12
1065,B,1398,1800,12
1065,B,1264,1857,12
1065,B,1138,1774,12
1065,B,911,1640,12
1065,A,766,1809,6
1065,A,2126,358,6
1065,A,2274,625,6
1065,B,1866,1452,12
1066,C,263,261,28
1066,B,484,235,12
1066,B,534,246,12
1066,B,775,329,12
1066,B,1017,224,12
1066,B,1111,189,12
1066,B,1477,253,12
1066,B,1658,224,12
1066,B,1763,342,12
1066,B,1911,257,12
1066,B,2069,721,12
1066,B,1918,710,12
1066,B,1582,717,12
1066,B,1238,872,12
1066,B,1127,761,12
1066,B,840,704,12
1066,B,757,940,12
1066,B,672,642,12
1066,B,563,750,12
1066,B,333,798,12
1066,B,178,831,12
1066,B,1411,841,12
1066,B,2010,1121,12
1066,B,220,1198,12
1066,A,146,1180,6
1066,A,565,1390,6
1066,A,307,1229,6
1066,A,1735,765,6
1067,B,2307,724,12
1067,C,2298,1775,28
1067,B,2307,1410,12
1067,B,2225,1716,12
1067,B,1971,1731,12
1067,B,2093,1789,12
1067,B,1808,1574,12
1067,B,1808,1773,12
1067,B,1741,1798,12
1067,B,1680,1789,12
1067,B,1441,1519,12
1067,B,1514,1138,12
1067,B,1430,1010,12
1067,B,2206,738,12
1067,A,2084,858,6
1067,A,1934,981,6
1067,A,1638,1201,6
1067,A,1623,1383,6
1067,A,1504,1276,6
1067,A,1703,1318,6
1067,A,416,1140,6
1067,A,349,1249,6
1068,C,2277,636,28
1068,C,2292,1341,28
1068,C,2296,1752,28
1068,B,2076,1787,12
1068,B,1982,1745,12
1068,B,1925,1764,12
1068,B,1787,1796,12
1068,B,1632,1808,12
1068,B,1726,1469,12
1068,B,1533,1838,12
1068,B,2034,1436,12
1068,B,2015,1239,12
1068,B,2114,1096,12
1068,B,1906,1222,12
1068,B,2195,843,12
1068,B,2156,726,12
1068,B,1862,701,12
1068,B,2068,571,12
1068,B,1751,969,12
1068,A,1653,1220,6
1068,A,1795,1249,6
1068,A,2193,1310,6
1068,A,1460,1664,6
1068,A,498,198,6
1069,C,2265,1551,28
1069,C,1954,1561,28
1069,B,2107,1838,12
1069,B,2066,1655,12
1069,B,1866,1802,12
1069,B,1611,1804,12
1069,B,1519,1743,12
1069,B,1368,1800,12
1069,B,1254,1846,12
1069,B,1202,1572,12
1069,B,875,1852,12
1069,B,980,1823,12
1069,B,754,1796,12
1069,B,678,1802,12
1069,B,2267,1140,12
1069,B,2156,1151,12
1069,B,1801,1220,12
1069,B,1739,1149,12
1069,A,2101,749,6
1069,A,1862,1320,6
1069,A,2099,1731,6
1069,A,1749,1835,6
1069,A,844,1381,6
1069,A,313,1276,6
1070,C,2148,1108,28
1070,C,2051,1211,28
1070,C,2135,1793,28
1070,C,1653,1675,28
1070,C,1802,1244,28
1070,B,2206,1725,12
1070,B,2071,1795,12
1070,B,2006,1800,12
1070,B,1911,1773,12
1070,B,2292,1666,12
1070,B,1759,1819,12
1070,B,1500,1787,12
1070,B,1404,1719,12
1070,B,1282,1765,12
1070,B,233,1062,12
1070,B,2060,369,12
1070,B,2069,714,12
1070,B,1411,485,12
1070,A,266,192,6
1070,B,2161,605,12
1070,B,1653,1183,12
1070,B,1605,1117,12
1070,A,1413,1211,6
1070,A,1245,1093,6
1070,A,1147,1064,6
1070,B,1688,308,12
1071,C,1905,1822,28
1071,C,1669,1813,28
1071,B,2307,1747,12
1071,B,2213,1859,12
1071,B,2095,1782,12
1071,B,2025,1785,12
1071,B,1619,1620,12
1071,B,1474,1760,12
1071,B,1271,1686,12
1071,B,1330,1819,12
1071,B,1186,1787,12
1071,B,2147,1294,12
1071,B,2027,1288,12
1071,B,1927,1154,12
1071,B,1853,1229,12
1071,A,2298,1113,6
1071,A,1584,1183,6
1071,A,1057,1432,6
1071,B,1844,566,12
1071,B,2080,229,12
1071,B,2165,224,12
1071,B,2301,185,12
1071,B,2309,443,12
1071,B,2204,347,12
1071,A,1995,505,6
1072,C,1095,1486,28
1072,C,608,1248,28
1072,D,326,1373,48
1072,D,438,1634,48
1072,C,901,1697,28
1072,C,1254,1651,28
1072,C,1332,1496,28
1072,C,1524,1484,28
1072,C,1753,1501,28
1072,C,1786,1442,28
1072,C,1929,1448,28
1072,C,2149,1486,28
1072,C,2087,1601,28
1072,B,1726,1080,12
1072,B,1124,1646,12
1072,B,1420,1637,12
1072,B,887,775,12
1072,C,1022,1065,28
1072,B,835,165,12
1073,C,263,1261,28
1073,C,456,1338,28
1073,C,357,1594,28
1073,D,876,1559,48
1073,C,967,1369,28
1073,C,1197,1706,28
1073,C,1293,1465,28
1073,C,1453,1478,28
1073,C,1632,1356,28
1073,C,1787,1531,28
1073,B,1490,695,12
1073,B,2257,771,12
1073,B,622,778,12
1073,C,1109,1215,28
1073,C,99,1297,28
1073,B,569,1684,12
1073,B,681,1375,12
1073,B,559,1259,12
1074,C,420,1262,28
1074,C,451,1058,28
1074,C,1238,1598,28
1074,C,1057,1637,28
1074,C,945,1657,28
1074,C,785,1703,28
1074,C,1353,1700,28
1074,C,1521,1432,28
1074,C,1749,1751,28
1074,C,2108,1685,28
1074,C,2000,1535,28
1074,C,2115,1493,28
1074,C,1865,1132,28
1074,C,496,1404,28
1074,C,2340,647,28
1074,C,1832,624,28
1074,C,272,295,28
1074,B,937,711,12
1074,B,1771,1155,12
1074,B,1881,1562,12
1074,B,116,1764,12
1074,A,1833,754,6
1074,A,2009,820,6
1074,A,706,915,6
1074,A,1128,828,6
1075,C,203,1368,28
1075,C,317,1475,28
1075,C,489,1777,28
1075,C,196,1751,28
1075,C,608,1552,28
1075,C,830,1565,28
1075,C,981,1414,28
1075,C,1346,1391,28
1075,C,1394,1580,28
1075,C,1735,1529,28
1075,C,2164,1767,28
1075,C,2258,1382,28
1075,C,1590,1121,28
1075,C,766,1154,28
1075,B,879,1789,12
1075,B,1246,1858,12
1075,B,603,1419,12
1075,B,1784,1580,12
1075,B,1858,1721,12
1075,B,1656,1723,12
1075,B,1369,1693,12
1075,B,1504,1662,12
1075,B,882,1208,12
1075,B,1392,848,12
1075,B,1152,517,12
1075,B,1539,359,12
1076,C,145,1708,28
1076,C,344,1557,28
1076,C,287,1389,28
1076,C,476,1674,28
1076,C,632,1700,28
1076,C,836,1563,28
1076,C,1443,1665,28
1076,C,1369,1825,28
1076,C,1953,1782,28
1076,C,1930,1672,28
1076,C,2291,1488,28
1076,C,1848,1427,28
1076,C,1327,1292,28
1076,C,838,1438,28
1076,C,1993,1190,28
1076,B,1588,315,12
1076,B,2207,820,12
1076,B,1011,1427,12
1076,B,404,1108,12
1076,B,1001,1361,12
1076,C,2036,1575,28
1076,B,1608,488,12
1076,B,1792,685,12
1077,C,2180,1732,28
1077,B,2287,1797,12
1077,B,2078,1649,12
1077,B,1933,1706,12
1077,B,1831,1765,12
1077,B,1741,1752,12
1077,B,1612,1719,12
1077,B,1429,1773,12
1077,B,1252,1808,12
1077,B,1241,1408,12
1077,B,2237,1338,12
1077,B,1916,1294,12
1077,B,1977,1156,12
1077,B,2082,927,12
1077,B,1636,1047,12
1077,B,1512,1082,12
1077,B,2005,658,12
1077,B,1887,428,12
1077,B,2276,644,12
1077,B,1887,723,12
1077,A,143,172,6
1077,A,1767,1025,6
1077,A,1789,795,6
1077,A,712,1603,6
1077,A,1153,784,6
1077,A,1867,644,6
1078,C,2242,240,28
1078,C,2106,1113,28
1078,C,2180,1192,28
1078,C,172,1717,28
1078,B,1872,1261,12
1078,B,2047,1181,12
1078,B,344,1850,12
1078,B,1485,494,12
1078,B,1382,347,12
1078,B,1394,388,12
1078,B,1864,172,12
1078,B,1979,185,12
1078,B,1959,644,12
1078,B,226,660,12
1078,B,288,673,12
1078,C,1085,465,28
1078,A,1238,728,6
1078,A,1630,697,6
1078,A,1052,911,6
1078,A,1883,1016,6
1078,A,2152,890,6
1079,D,502,606,48
1079,D,177,343,48
1079,D,1024,172,48
1079,D,1644,705,48
1079,D,208,1058,48
1079,D,522,1062,48
1079,D,264,1529,48
1079,D,1876,1493,48
1079,D,366,1851,48
1079,C,507,1706,28
1079,C,1001,1409,28
1079,C,321,1220,28
1079,C,942,1132,28
1079,C,1160,1374,28
1079,C,348,655,28
1079,C,160,655,28
1079,C,1976,376,28
1079,C,1649,154,28
1079,B,723,312,12
1079,B,1202,131,12
1079,B,641,492,12
1079,B,784,741,12
1079,B,1677,581,12
1079,B,2217,775,12
1079,B,1598,853,12
1079,B,308,779,12
1079,B,598,1836,12
1079,B,624,1382,12
1080,D,1810,190,48
1080,D,1996,310,48
1080,D,2208,471,48
1080,C,180,790,28
1080,C,1429,654,28
1080,C,2332,711,28
1080,C,231,1512,28
1080,B,193,1585,12
1080,B,2024,856,12
1080,B,1996,767,12
1080,B,2108,747,12
1080,B,2266,695,12
1080,B,1888,943,12
1080,C,491,560,28
1080,B,1035,590,12
1080,B,817,803,12
1080,B,1935,575,12
1080,B,2055,608,12
1080,B,2365,473,12
1080,B,2093,677,12
1080,A,1295,443,6
1080,A,471,302,6
1080,A,1379,280,6
1081,D,134,316,48
1081,D,300,344,48
1081,D,799,448,48
1081,D,363,856,48
1081,D,650,1144,48
1081,D,264,1628,48
1081,D,1664,1330,48
1081,C,568,1491,28
1081,C,183,1575,28
1081,C,552,1226,28
1081,C,512,1424,28
1081,B,407,1590,12
1081,B,381,1624,12
1081,B,647,1537,12
1081,B,302,1785,12
1081,B,455,866,12
1081,B,219,790,12
1081,B,164,701,12
1081,C,277,483,28
1081,C,252,567,28
1081,B,1243,563,12
1081,C,486,270,28
1081,C,677,228,28
1081,C,878,175,28
1081,B,1093,336,12
1081,B,869,256,12
1081,B,404,716,12
1081,B,437,677,12
1081,B,175,223,12
1081,A,1313,1394,6
1081,A,2115,966,6
1081,A,216,1039,6
1081,A,404,1021,6
1082,D,136,479,48
1082,D,716,1170,48
1082,D,407,1822,48
1082,C,782,1585,28
1082,C,787,1450,28
1082,C,144,1471,28
1082,C,168,1182,28
1082,C,524,845,28
1082,C,346,734,28
1082,C,1253,688,28
1082,C,757,598,28
1082,C,295,483,28
1082,C,297,588,28
1082,C,1088,361,28
1082,C,420,257,28
1082,C,598,251,28
1082,B,914,367,12
1082,B,933,308,12
1082,B,810,491,12
1082,B,1542,376,12
1082,B,924,1136,12
1082,B,789,1350,12
1082,B,2047,1313,12
1082,C,275,1749,28
1082,A,2095,1861,6
1082,A,1611,1075,6
1082,A,1340,1044,6
1082,C,535,1073,28
1082,B,535,1248,12
1082,A,1978,471,6
1082,A,539,491,6
1082,B,599,336,12
1083,B,2258,1764,12
1083,B,2105,1710,12
1083,C,1980,1781,28
1083,B,1904,1827,12
1083,B,1770,1792,12
1083,B,1659,1808,12
1083,B,1445,1775,12
1083,B,1342,1821,12
1083,B,1215,1827,12
1083,B,2263,1224,12
1083,B,2114,1314,12
1083,B,2172,1304,12
1083,B,1625,1312,12
1083,A,1542,1802,6
1083,A,586,1854,6
1083,A,219,1220,6
1083,A,565,1004,6
1083,A,1724,1345,6
1083,A,1806,1327,6
1083,A,1925,1241,6
1084,C,1902,1764,28
1084,B,2263,1720,12
1084,B,2149,1808,12
1084,B,2087,1668,12
1084,B,1986,1708,12
1084,B,1799,1634,12
1084,B,1734,1821,12
1084,B,1634,1817,12
1084,B,1529,1823,12
1084,B,1307,1796,12
1084,B,1179,1745,12
1084,B,2162,1226,12
1084,B,2256,1000,12
1084,A,2162,1031,6
1084,A,1749,1186,6
1084,A,1644,985,6
1084,A,1521,1389,6
1084,A,1915,1350,6
1084,A,2019,564,6
1084,A,265,830,6
1084,A,1451,1828,6
1085,B,2166,1768,12
1085,B,2221,1662,12
1085,B,2022,1614,12
1085,B,1820,1825,12
1085,B,1718,1806,12
1085,B,1625,1831,12
1085,B,1554,1683,12
1085,B,1462,1739,12
1085,B,1150,1764,12
1085,B,2087,1467,12
1085,B,1764,1387,12
1085,B,1609,1507,12
1085,B,1546,1389,12
1085,B,1433,1314,12
1085,B,1236,1706,12
1085,A,454,298,6
1085,B,2135,908,12
1085,B,2309,803,12
1085,A,2143,1389,6
1085,A,1841,1400,6
1085,B,1934,1609,12
1086,B,2221,1725,12
1086,B,2315,1833,12
1086,B,2034,1829,12
1086,B,1988,1718,12
1086,B,2147,1689,12
1086,B,1646,1812,12
1086,B,1697,1821,12
1086,B,1797,1714,12
1086,B,1879,1808,12
1086,B,1410,1827,12
1086,B,1313,1727,12
1086,B,1233,1741,12
1086,B,1257,288,12
1086,A,261,271,6
1086,A,2158,1383,6
1086,A,2298,1402,6
1086,A,1410,1341,6
1087,B,2304,1783,12
1087,B,2172,1827,12
1087,C,2112,1689,28
1087,B,2061,1743,12
1087,B,1854,1766,12
1087,B,1766,1708,12
1087,B,1701,1783,12
1087,B,1519,1838,12
1087,B,1435,1804,12
1087,B,1326,1810,12
1087,B,2053,1337,12
1087,B,1871,1392,12
1087,B,2061,1180,12
1087,A,563,566,6
1087,A,2246,579,6
1087,A,2154,717,6
1087,A,2214,1119,6
1087,A,1820,1454,6
1087,A,1550,1480,6
1087,A,1458,1385,6
1087,A,1722,1467,6
1088,B,2311,1739,12
1088,B,2223,1237,12
1088,B,2195,1371,12
1088,B,1690,1371,12
1088,B,1613,1371,12
1088,B,1690,1808,12
1088,B,1835,1815,12
1088,B,1196,1812,12
1088,A,1841,1232,6
1088,A,2082,1316,6
1088,A,2143,1404,6
1088,A,2009,1789,6
1088,A,2193,1819,6
1088,A,1498,1634,6
1088,A,1389,1806,6
1088,A,1275,1838,6
1089,B,2317,1737,12
1089,B,2317,1398,12
1089,B,2093,1356,12
1089,B,1961,1739,12
1089,B,2093,1764,12
1089,B,1801,1729,12
1089,B,1716,1800,12
1089,B,1862,1459,12
1089,B,1288,1842,12
1089,A,672,610,6
1089,A,791,590,6
1089,A,1889,1727,6
1089,A,2231,1366,6
1089,A,2166,1735,6
1090,C,2026,1758,28
1090,C,2154,1779,28
1090,C,2284,1856,28
1090,C,1399,1804,28
1090,C,1900,1808,28
1090,C,1678,1138,28
1090,C,1818,1163,28
1090,C,2070,1235,28
1090,C,1858,1490,28
1090,C,1454,1266,28
1090,C,1280,1147,28
1090,C,1145,1063,28
1090,B,808,1752,12
1090,B,953,1835,12
1090,B,1062,1812,12
1090,B,1554,1660,12
1090,B,1265,1727,12
1090,B,896,571,12
1090,B,2135,977,12
1090,B,1998,1113,12
1090,B,1185,246,12
1091,D,2258,1733,48
1091,D,2156,1722,48
1091,C,1913,1794,28
1091,C,2059,1846,28
1091,C,1822,1689,28
1091,C,2248,1350,28
1091,C,1778,1329,28
1091,C,1648,1750,28
1091,C,1410,1781,28
1091,C,1345,1735,28
1091,C,1236,1840,28
1091,B,1194,1567,12
1091,B,1948,1237,12
1091,B,2133,1316,12
1091,B,1104,1121,12
1091,B,1445,1197,12
1091,B,1554,1113,12
1091,B,1489,788,12
1091,C,1998,719,28
1091,C,2286,830,28
1091,B,2099,803,12
1091,A,1269,784,6
1092,D,2294,1777,48
1092,C,2066,1253,28
1092,C,2195,1603,28
1092,C,1479,1792,28
1092,C,1877,1199,28
1092,C,1734,1111,28
1092,C,1567,981,28
1092,C,1535,1188,28
1092,C,1301,1800,28
1092,A,1116,1681,6
1092,A,156,1025,6
1092,B,1961,1691,12
1092,B,1913,1381,12
1092,B,1757,1785,12
1092,B,1829,1812,12
1093,D,2260,1599,48
1093,C,2053,1243,28
1093,C,1739,1794,28
1093,C,1644,1771,28
1093,C,1307,1454,28
1093,C,1315,1195,28
1093,C,1213,1593,28
1093,C,1093,1555,28
1093,C,1781,1343,28
1093,C,1785,1400,28
1093,C,1617,1306,28
1093,C,1535,1048,28
1093,C,238,1651,28
1093,B,1032,1634,12
1093,B,1198,1270,12
1093,B,2166,1693,12
1093,C,2013,1800,28
1093,B,1973,1758,12
1093,B,2147,240,12
1093,A,1883,1186,6
1093,A,2288,1377,6
1094,D,1936,192,48
1094,D,2176,178,48
1094,D,1859,1102,48
1094,C,2316,874,28
1094,C,2080,750,28
1094,C,2281,504,28
1094,C,1647,483,28
1094,C,1892,594,28
1094,C,1442,148,28
1094,C,1372,205,28
1094,C,1758,139,28
1094,B,1903,528,12
1094,A,1194,1774,6
1094,A,1114,1765,6
1094,A,2253,1601,6
1094,A,2082,1736,6
1094,C,1887,1250,28
1094,A,1911,863,6
1094,B,849,502,12
1094,C,2124,1459,28
1094,B,2252,1524,12
1094,B,1957,1699,12
1094,B,2185,423,12
1094,B,2226,450,12
1096,C,1998,1783,28
1096,C,1550,1706,28
1096,C,1487,1840,28
1096,C,1667,1098,28
1096,C,1766,1119,28
1096,C,2072,1086,28
1096,C,2260,1211,28
1096,B,1231,1754,12
1096,B,1311,1697,12
1096,B,1634,1792,12
1096,B,1739,1815,12
1096,B,1873,1789,12
1096,B,1435,1463,12
1096,B,1301,1396,12
1096,B,1177,1339,12
1096,B,1523,1287,12
1096,B,1613,1316,12
1096,B,559,1632,12
1096,A,471,1165,6
1096,A,825,992,6
1096,A,2284,1859,6
1096,A,2162,1739,6
1096,A,2114,1276,6
1096,A,1962,1138,6
1097,C,1751,1704,28
1097,C,2007,1752,28
1097,B,2328,1685,12
1097,B,2235,1775,12
1097,B,1583,1794,12
1097,B,2087,1186,12
1097,B,2225,1096,12
1097,B,1414,631,12
1099,C,2051,1647,28
1099,C,2124,1697,28
1099,C,1917,1745,28
1099,C,1827,1322,28
1099,C,2078,1021,28
1099,C,1041,1785,28
1099,B,2229,294,12
1099,B,2242,1235,12
1099,B,1674,1364,12
1099,B,1829,1526,12
1099,B,1690,1819,12
1099,B,1401,1590,12
1099,B,1154,1396,12
1099,B,921,1817,12
1099,A,1072,393,6
1099,A,1565,832,6
1099,A,1382,1249,6
1099,B,1523,1545,12
1100,B,1261,253,12
1100,B,715,743,12
1100,B,972,1112,12
1100,B,845,1583,12
1100,B,2135,1557,12
1100,B,591,723,12
1100,B,2008,726,12
1100,B,1979,587,12
1100,A,380,1358,6
1101,C,2265,323,28
1101,C,2180,498,28
1101,C,2076,553,28
1101,D,2034,1507,48
1101,D,1929,1537,48
1101,D,1756,1209,48
1101,D,1894,1222,48
1101,D,2014,1187,48
1101,D,2244,1209,48
1101,D,2126,979,48
1101,C,1319,1437,28
1101,C,1431,1752,28
1101,C,2060,1833,28
1101,C,1776,1634,28
1101,C,2198,1448,28
1101,C,2071,1364,28
1101,C,1660,1209,28
1101,C,1595,848,28
1101,B,1770,761,12
1101,B,1706,1115,12
1101,B,2062,901,12
1101,B,1256,1380,12
1101,B,1523,1283,12
1101,B,1595,1769,12
1101,B,1540,1660,12
1101,B,1221,1832,12
1101,B,1332,1802,12
1101,B,1385,1749,12
1101,A,1256,1159,6
1101,A,1789,1436,6
1101,A,1769,1434,6
1101,A,1800,1727,6
1101,A,1923,808,6
1101,A,1940,249,6
1102,B,2229,1717,12
1102,B,2060,1496,12
1102,B,1896,1270,12
1102,B,1971,1745,12
1102,D,1992,1043,48
1102,D,2099,995,48
1102,D,1498,1669,48
1102,D,1724,1423,48
1102,C,2147,1248,28
1102,C,1802,1644,28
1102,C,1400,1583,28
1102,C,1490,1290,28
1102,C,1750,1305,28
1102,C,2250,721,28
1102,C,1977,575,28
1102,C,1138,574,28
1102,C,2108,763,28
1102,C,2030,653,28
1102,B,1321,1756,12
1102,B,1606,1846,12
1102,B,1737,1863,12
1102,B,1688,1636,12
1102,B,1310,1456,12
1102,B,1264,1303,12
1102,B,1387,1325,12
1102,B,1582,1386,12
1102,B,2303,1380,12
1102,B,1476,953,12
1102,B,1933,837,12
1102,B,2005,890,12
1102,B,1824,892,12
1102,B,1833,854,12
1102,B,1898,765,12
1102,B,1844,769,12
1102,B,1715,830,12
1102,C,71,152,28
1102,A,1905,986,6
1102,A,1863,1058,6
1102,A,1111,1456,6
1102,A,322,1303,6
1102,A,2242,1646,6
